lease_id,payment_month,amount_due,amount_paid,payment_status
1,2022-12,5171.45,5171.45,missed
1,2023-01,5171.45,5309.78,Late
1,2023-02,5171.45,5171.45,Paid
1,2023-03,5171.45,5171.45,PAID
1,2023-04,5171.45,5171.45,PAID
1,2023-05,5171.45,5555.01,PAID
1,2023-06,5171.45,5171.45,Paid
1,2023-07,5171.45,5171.45,Late
1,2023-08,5171.45,5171.45,Paid
1,2023-09,5171.45,5171.45,Paid
1,2023-10,5171.45,5171.45,Paid
1,2023-11,5171.45,5048.75,Paid
1,2023-12,5171.45,5171.45,Missed
1,2024-01,5171.45,5171.45,paid
1,2024-02,5171.45,5171.45,Paid
1,2024-03,5171.45,5171.45,PAID
1,2024-04,5171.45,5171.45,PAID
1,2024-05,5171.45,5171.45,Paid
1,2024-06,5171.45,5031.68,Paid
1,2024-07,5171.45,5171.45,Paid
1,2024-08,5171.45,5171.45,Paid
1,2024-09,5171.45,5171.45,Missed
1,2024-10,5171.45,5171.45,paid
1,2024-11,5171.45,5171.45,Late
1,2024-12,5171.45,5171.45,Paid
2,2018-04,3121.79,0.0,Paid
2,2018-05,3121.79,3121.79,Paid
2,2018-06,3121.79,3121.79,PAID
2,2018-07,3121.79,3121.79,Late
2,2018-08,3121.79,3121.79,Paid
2,2018-09,3121.79,3121.79,PAID
2,2018-10,3121.79,0.0,Paid
2,2018-11,3121.79,3121.79,Paid
2,2018-12,3121.79,3121.79,Paid
2,2019-01,3121.79,3121.79,late
2,2019-02,3121.79,3121.79,Late
2,2019-03,3121.79,0.0,Paid
2,2019-04,3121.79,3121.79,Paid
3,2020-01,3504.49,3504.49,Paid
3,2020-02,3504.49,3504.49,Late
3,2020-03,3504.49,0.0,paid
3,2020-04,3504.49,0.0,PAID
3,2020-05,3504.49,3504.49,PAID
3,2020-05,3504.49,3504.49,PAID
3,2020-06,3504.49,3504.49,PAID
3,2020-07,3504.49,3504.49,paid
3,2020-08,3504.49,3164.46,PAID
3,2020-09,3504.49,3340.04,Paid
3,2020-10,3504.49,3504.49,Paid
3,2020-11,3504.49,3507.18,late
3,2020-12,3504.49,3504.49,Paid
3,2021-01,3504.49,3504.49,Paid
3,2021-02,3504.49,3504.49,Paid
3,2021-03,3504.49,0.0,PAID
3,2021-04,3504.49,0.0,Paid
3,2021-05,3504.49,3504.49,Paid
3,2021-06,3504.49,0.0,PAID
3,2021-07,3504.49,3504.49,Paid
3,2021-08,3504.49,3504.49,Paid
3,2021-09,3504.49,3504.49,Paid
3,2021-10,3504.49,0.0,paid
3,2021-11,3504.49,3504.49,PAID
3,2021-12,3504.49,3504.49,Paid
3,2022-01,3504.49,3504.49,Late
3,2022-02,3504.49,3504.49,Missed
3,2022-03,3504.49,3504.49,Paid
3,2022-04,3504.49,3746.56,Paid
3,2022-05,3504.49,3504.49,paid
3,2022-06,3504.49,3504.49,paid
3,2022-07,3504.49,3504.49,Paid
3,2022-08,3504.49,3504.49,Paid
3,2022-09,3504.49,0.0,paid
3,2022-10,3504.49,0.0,Paid
3,2022-11,3504.49,3504.49,Paid
3,2022-12,3504.49,3504.49,paid
4,2018-10,5048.45,5048.45,paid
4,2018-11,5048.45,5048.45,Paid
4,2018-12,5048.45,5048.45,Paid
4,2019-01,5048.45,5048.45,Paid
4,2019-02,5048.45,5048.45,paid
4,2019-03,5048.45,0.0,PAID
4,2019-04,5048.45,5048.45,paid
4,2019-05,5048.45,0.0,PAID
4,2019-06,5048.45,5048.45,Paid
4,2019-07,5048.45,0.0,late
4,2019-08,5048.45,5048.45,Paid
4,2019-09,5048.45,5048.45,Paid
5,2023-11,4682.36,4682.36,MISSED
5,2023-12,4682.36,4682.36,Paid
5,2024-01,4682.36,0.0,PAID
5,2024-02,4682.36,4682.36,Paid
5,2024-03,4682.36,4682.36,paid
5,2024-04,4682.36,4691.68,Late
5,2024-05,4682.36,4682.36,PAID
5,2024-06,4682.36,4682.36,PAID
5,2024-07,4682.36,4682.36,Paid
5,2024-08,4682.36,4682.36,Paid
5,2024-09,4682.36,4682.36,paid
5,2024-10,4682.36,4682.36,paid
5,2024-11,4682.36,4646.53,Paid
5,2024-12,4682.36,5023.47,Late
6,2018-12,6095.7,6095.7,paid
6,2019-01,6095.7,6095.7,Paid
6,2019-02,6095.7,6095.7,Missed
6,2019-03,6095.7,6095.7,paid
6,2019-04,6095.7,6095.7,Paid
6,2019-05,6095.7,6095.7,Paid
6,2019-06,6095.7,6095.7,Paid
6,2019-07,6095.7,6255.27,Paid
6,2019-08,6095.7,0.0,Paid
6,2019-09,6095.7,6095.7,MISSED
6,2019-10,6095.7,6095.7,Paid
6,2019-11,6095.7,6095.7,PAID
6,2019-12,6095.7,6095.7,Paid
6,2020-01,6095.7,6095.7,paid
6,2020-02,6095.7,6095.7,Paid
6,2020-03,6095.7,6095.7,Paid
6,2020-04,6095.7,6095.7,Paid
6,2020-05,6095.7,6425.93,paid
6,2020-06,6095.7,6095.7,Paid
6,2020-07,6095.7,6095.7,PAID
6,2020-08,6095.7,5930.26,Paid
6,2020-09,6095.7,6095.7,PAID
6,2020-10,6095.7,6095.7,Paid
6,2020-11,6095.7,6095.7,Paid
6,2020-12,6095.7,6095.7,Paid
6,2021-01,6095.7,6095.7,PAID
6,2021-02,6095.7,6072.04,paid
6,2021-03,6095.7,6095.7,paid
6,2021-04,6095.7,6095.7,LATE
6,2021-05,6095.7,6596.16,Paid
6,2021-06,6095.7,6095.7,Paid
6,2021-07,6095.7,6095.7,paid
6,2021-08,6095.7,6357.45,PAID
6,2021-09,6095.7,6095.7,PAID
6,2021-10,6095.7,6095.7,paid
6,2021-11,6095.7,0.0,PAID
6,2021-12,6095.7,6095.7,paid
6,2022-01,6095.7,6095.7,PAID
6,2022-02,6095.7,6095.7,paid
6,2022-03,6095.7,6095.7,PAID
6,2022-04,6095.7,6095.7,Paid
6,2022-05,6095.7,6095.7,paid
6,2022-06,6095.7,6095.7,missed
6,2022-07,6095.7,6095.7,Paid
6,2022-08,6095.7,6447.45,paid
6,2022-09,6095.7,6095.7,paid
6,2022-10,6095.7,6095.7,Paid
6,2022-10,6095.7,6095.7,PAID
6,2022-11,6095.7,0.0,Paid
6,2022-12,6095.7,0.0,PAID
6,2023-01,6095.7,6095.7,Paid
6,2023-02,6095.7,6095.7,PAID
6,2023-03,6095.7,6095.7,Paid
6,2023-04,6095.7,6095.7,Paid
6,2023-05,6095.7,6095.7,PAID
6,2023-06,6095.7,6095.7,Late
6,2023-07,6095.7,6095.7,PAID
6,2023-08,6095.7,6095.7,Paid
6,2023-09,6095.7,6095.7,Paid
6,2023-10,6095.7,6546.83,Paid
6,2023-11,6095.7,6095.7,late
6,2023-12,6095.7,6095.7,PAID
6,2024-01,6095.7,6095.7,Paid
6,2024-02,6095.7,0.0,Paid
6,2024-03,6095.7,6095.7,PAID
6,2024-04,6095.7,6095.7,paid
6,2024-05,6095.7,6095.7,Paid
6,2024-06,6095.7,6383.02,Paid
6,2024-07,6095.7,6430.92,PAID
6,2024-08,6095.7,6095.7,Late
6,2024-09,6095.7,6095.7,PAID
6,2024-10,6095.7,6095.7,Paid
6,2024-11,6095.7,6095.7,Paid
6,2024-12,6095.7,6095.7,PAID
7,2020-08,6203.06,6203.06,PAID
7,2020-09,6203.06,6203.06,Paid
7,2020-10,6203.06,6203.06,PAID
7,2020-11,6203.06,5966.46,Missed
7,2020-12,6203.06,6203.06,paid
7,2021-01,6203.06,6203.06,Paid
7,2021-02,6203.06,6203.06,LATE
7,2021-03,6203.06,6203.06,paid
7,2021-04,6203.06,6203.06,PAID
7,2021-05,6203.06,6203.06,Paid
7,2021-06,6203.06,6203.06,Paid
7,2021-07,6203.06,6203.06,PAID
7,2021-08,6203.06,6203.06,Paid
7,2021-09,6203.06,6203.06,paid
7,2021-10,6203.06,0.0,Late
7,2021-11,6203.06,6203.06,paid
7,2021-12,6203.06,6203.06,Paid
7,2022-01,6203.06,6203.06,Paid
7,2022-02,6203.06,6203.06,Paid
7,2022-03,6203.06,6203.06,Paid
7,2022-04,6203.06,6203.06,Missed
7,2022-05,6203.06,6203.06,paid
7,2022-06,6203.06,6203.06,PAID
7,2022-07,6203.06,6755.61,Late
7,2022-08,6203.06,6203.06,Paid
7,2022-09,6203.06,6203.06,PAID
7,2022-10,6203.06,6203.06,Paid
7,2022-11,6203.06,6070.61,PAID
7,2022-12,6203.06,6203.06,Paid
7,2023-01,6203.06,6203.06,Paid
7,2023-02,6203.06,6203.06,Paid
7,2023-03,6203.06,6203.06,Paid
7,2023-04,6203.06,0.0,Paid
7,2023-05,6203.06,6208.34,Paid
7,2023-06,6203.06,6203.06,PAID
7,2023-07,6203.06,6203.06,Paid
7,2023-08,6203.06,6203.06,Paid
8,2022-03,5629.55,5220.89,Paid
8,2022-04,5629.55,5629.55,LATE
8,2022-05,5629.55,5629.55,Paid
8,2022-06,5629.55,5629.55,Paid
8,2022-07,5629.55,5629.55,Paid
8,2022-08,5629.55,5535.58,paid
8,2022-09,5629.55,5629.55,PAID
8,2022-10,5629.55,5629.55,Paid
8,2022-11,5629.55,5629.55,paid
8,2022-12,5629.55,5629.55,Paid
8,2023-01,5629.55,5629.55,Paid
8,2023-02,5629.55,5629.55,PAID
8,2023-03,5629.55,5629.55,Missed
8,2023-04,5629.55,5629.55,Paid
8,2023-05,5629.55,5629.55,Late
8,2023-06,5629.55,5629.55,Paid
8,2023-07,5629.55,5629.55,Paid
8,2023-08,5629.55,5629.55,Paid
8,2023-09,5629.55,5629.55,Paid
8,2023-10,5629.55,5629.55,Paid
8,2023-11,5629.55,5629.55,Paid
8,2023-12,5629.55,0.0,missed
8,2024-01,5629.55,5629.55,Paid
8,2024-02,5629.55,5629.55,Paid
8,2024-03,5629.55,5629.55,PAID
8,2024-04,5629.55,0.0,LATE
8,2024-05,5629.55,5531.94,paid
8,2024-06,5629.55,5629.55,MISSED
8,2024-07,5629.55,5629.55,Late
8,2024-08,5629.55,5629.55,Paid
8,2024-09,5629.55,5629.55,PAID
8,2024-10,5629.55,5629.55,LATE
8,2024-11,5629.55,5629.55,late
8,2024-12,5629.55,5629.55,Paid
9,2021-05,3389.73,3435.8,Paid
9,2021-06,3389.73,3389.73,Paid
9,2021-07,3389.73,3389.73,Paid
9,2021-08,3389.73,3160.92,Paid
9,2021-09,3389.73,3279.3,PAID
9,2021-10,3389.73,3389.73,Late
9,2021-11,3389.73,3504.48,PAID
9,2021-12,3389.73,3389.73,Paid
9,2022-01,3389.73,3389.73,Missed
9,2022-02,3389.73,3389.73,Paid
9,2022-03,3389.73,3130.91,Paid
9,2022-04,3389.73,3389.73,Late
9,2022-05,3389.73,3389.73,Late
9,2022-06,3389.73,3389.73,PAID
9,2022-07,3389.73,3389.73,Paid
9,2022-08,3389.73,3389.73,PAID
9,2022-09,3389.73,3389.73,Paid
9,2022-10,3389.73,3389.73,late
9,2022-11,3389.73,0.0,PAID
9,2022-12,3389.73,3389.73,Paid
9,2023-01,3389.73,3389.73,paid
9,2023-02,3389.73,3389.73,PAID
9,2023-03,3389.73,3389.73,Paid
9,2023-04,3389.73,3389.73,Paid
9,2023-05,3389.73,3389.73,paid
9,2023-06,3389.73,3389.73,paid
9,2023-07,3389.73,3683.81,Paid
9,2023-08,3389.73,3389.73,Paid
9,2023-09,3389.73,3389.73,Paid
9,2023-10,3389.73,3389.73,PAID
9,2023-10,3389.73,3389.73,Paid
9,2023-11,3389.73,3389.73,paid
9,2023-12,3389.73,3389.73,Paid
9,2024-01,3389.73,3389.73,Paid
9,2024-02,3389.73,3389.73,late
9,2024-03,3389.73,0.0,paid
9,2024-04,3389.73,3453.42,paid
10,2018-09,3614.41,3570.29,paid
10,2018-10,3614.41,3614.41,Paid
10,2018-11,3614.41,3614.41,PAID
10,2018-12,3614.41,3614.41,PAID
10,2019-01,3614.41,3614.41,PAID
10,2019-01,3614.41,3614.41,Paid
10,2019-03,3614.41,3614.41,Paid
10,2019-04,3614.41,3614.41,PAID
10,2019-05,3614.41,3614.41,Paid
10,2019-05,3614.41,3614.41,paid
10,2019-06,3614.41,3614.41,PAID
10,2019-07,3614.41,3614.41,paid
10,2019-08,3614.41,3614.41,PAID
10,2019-09,3614.41,0.0,paid
10,2019-10,3614.41,3614.41,PAID
10,2019-11,3614.41,3614.41,paid
10,2019-12,3614.41,3614.41,Paid
10,2020-01,3614.41,3614.41,Paid
10,2020-02,3614.41,3614.41,Paid
10,2020-03,3614.41,3614.41,Paid
10,2020-04,3614.41,3614.41,Paid
10,2020-05,3614.41,3614.41,Paid
10,2020-06,3614.41,3614.41,PAID
10,2020-07,3614.41,0.0,Paid
10,2020-08,3614.41,3614.41,PAID
10,2020-09,3614.41,3614.41,Paid
10,2020-10,3614.41,3614.41,Paid
10,2020-11,3614.41,3614.41,PAID
10,2020-12,3614.41,3614.41,late
10,2021-01,3614.41,3614.41,paid
10,2021-02,3614.41,3614.41,PAID
10,2021-03,3614.41,0.0,PAID
10,2021-04,3614.41,3614.41,Paid
10,2021-05,3614.41,3637.7,paid
10,2021-06,3614.41,3614.41,missed
10,2021-07,3614.41,3614.41,PAID
10,2021-08,3614.41,3360.6,Paid
10,2021-09,3614.41,3614.41,Paid
10,2021-10,3614.41,3614.41,PAID
10,2021-11,3614.41,3614.41,paid
10,2021-12,3614.41,0.0,Paid
10,2022-01,3614.41,0.0,PAID
10,2022-02,3614.41,0.0,Paid
10,2022-03,3614.41,3614.41,paid
10,2022-04,3614.41,3614.41,Paid
10,2022-05,3614.41,3614.41,Paid
10,2022-06,3614.41,3614.41,Paid
10,2022-07,3614.41,0.0,PAID
10,2022-08,3614.41,3614.41,paid
10,2022-09,3614.41,3614.41,Paid
10,2022-10,3614.41,3614.41,PAID
10,2022-11,3614.41,3614.41,Paid
10,2022-12,3614.41,0.0,paid
10,2023-01,3614.41,3614.41,Missed
10,2023-02,3614.41,3614.41,Paid
10,2023-03,3614.41,3614.41,Late
10,2023-04,3614.41,3614.41,Paid
10,2023-05,3614.41,3614.41,PAID
10,2023-06,3614.41,3614.41,Paid
10,2023-07,3614.41,3256.72,Paid
10,2023-08,3614.41,3316.07,Paid
10,2023-09,3614.41,3653.6,Paid
10,2023-10,3614.41,3552.1,PAID
10,2023-11,3614.41,3614.41,PAID
10,2023-12,3614.41,3614.41,PAID
10,2024-01,3614.41,3614.41,paid
10,2024-02,3614.41,3614.41,Paid
10,2024-03,3614.41,3614.41,Paid
10,2024-04,3614.41,0.0,Paid
10,2024-05,3614.41,3614.41,PAID
10,2024-06,3614.41,3614.41,Paid
10,2024-07,3614.41,3614.41,Missed
10,2024-08,3614.41,3614.41,MISSED
10,2024-09,3614.41,3614.41,Paid
10,2024-10,3614.41,3614.41,PAID
10,2024-10,3614.41,3614.41,Missed
10,2024-11,3614.41,3614.41,paid
10,2024-12,3614.41,3614.41,Paid
11,2023-09,2961.37,2961.37,PAID
11,2023-10,2961.37,2961.37,Paid
11,2023-11,2961.37,2961.37,Late
11,2023-12,2961.37,2961.37,paid
11,2024-01,2961.37,2961.37,PAID
11,2024-01,2961.37,3247.8,Paid
11,2024-03,2961.37,2961.37,paid
11,2024-03,2961.37,0.0,PAID
11,2024-04,2961.37,2961.37,PAID
11,2024-05,2961.37,2727.15,paid
11,2024-06,2961.37,2961.37,Paid
11,2024-07,2961.37,2961.37,Paid
11,2024-08,2961.37,2961.37,Paid
11,2024-09,2961.37,0.0,paid
11,2024-10,2961.37,0.0,paid
11,2024-11,2961.37,2961.37,MISSED
11,2024-12,2961.37,2961.37,Paid
12,2022-02,4245.58,4245.58,PAID
12,2022-03,4245.58,4245.58,PAID
12,2022-04,4245.58,4245.58,PAID
12,2022-05,4245.58,4245.58,paid
12,2022-06,4245.58,4245.58,Paid
12,2022-07,4245.58,4245.58,Paid
12,2022-08,4245.58,4245.58,Paid
12,2022-09,4245.58,4245.58,PAID
12,2022-10,4245.58,4245.58,paid
12,2022-11,4245.58,4245.58,paid
12,2022-12,4245.58,4245.58,Paid
12,2023-01,4245.58,4245.58,Paid
12,2023-02,4245.58,4245.58,PAID
12,2023-03,4245.58,4245.58,Paid
12,2023-04,4245.58,4245.58,late
12,2023-05,4245.58,4245.58,Paid
12,2023-06,4245.58,4245.58,Paid
12,2023-07,4245.58,3847.23,Paid
12,2023-08,4245.58,0.0,Paid
12,2023-09,4245.58,4245.58,Paid
12,2023-10,4245.58,3918.0,Paid
12,2023-11,4245.58,4245.58,Paid
12,2023-12,4245.58,4245.58,PAID
12,2024-01,4245.58,4245.58,Paid
12,2024-02,4245.58,4555.75,PAID
12,2024-03,4245.58,4245.58,Paid
12,2024-04,4245.58,4245.58,PAID
12,2024-05,4245.58,4245.58,PAID
12,2024-06,4245.58,4245.58,Paid
12,2024-07,4245.58,4245.58,late
12,2024-08,4245.58,4245.58,paid
12,2024-09,4245.58,4245.58,PAID
12,2024-10,4245.58,4245.58,Paid
12,2024-11,4245.58,4245.58,Paid
12,2024-12,4245.58,4495.73,Paid
13,2018-11,4579.68,4579.68,Late
13,2018-12,4579.68,4579.68,paid
13,2019-01,4579.68,4579.68,Paid
13,2019-02,4579.68,4579.68,Paid
13,2019-03,4579.68,4579.68,Paid
13,2019-04,4579.68,4579.68,Paid
13,2019-05,4579.68,4579.68,paid
13,2019-06,4579.68,0.0,Paid
13,2019-07,4579.68,0.0,LATE
13,2019-08,4579.68,4999.21,PAID
13,2019-09,4579.68,4579.68,Late
13,2019-10,4579.68,0.0,paid
13,2019-11,4579.68,4579.68,Paid
14,2018-03,5153.55,5153.55,Paid
14,2018-04,5153.55,5153.55,Paid
14,2018-05,5153.55,0.0,Paid
14,2018-06,5153.55,0.0,paid
14,2018-07,5153.55,5153.55,paid
14,2018-08,5153.55,5468.9,Paid
14,2018-09,5153.55,5153.55,PAID
14,2018-10,5153.55,5153.55,paid
14,2018-11,5153.55,5153.55,PAID
14,2018-12,5153.55,5153.55,Paid
14,2019-01,5153.55,4741.75,Paid
14,2019-02,5153.55,5153.55,PAID
14,2019-03,5153.55,5208.59,Paid
14,2019-04,5153.55,5153.55,Paid
14,2019-05,5153.55,5153.55,Paid
14,2019-06,5153.55,5563.68,Missed
14,2019-07,5153.55,5153.55,paid
14,2019-08,5153.55,5153.55,Missed
14,2019-09,5153.55,5153.55,Paid
14,2019-10,5153.55,5153.55,paid
14,2019-11,5153.55,0.0,Paid
14,2019-12,5153.55,5153.55,Late
14,2020-01,5153.55,5153.55,Paid
14,2020-02,5153.55,5153.55,PAID
14,2020-03,5153.55,5153.55,PAID
14,2020-04,5153.55,5153.55,paid
14,2020-05,5153.55,5153.55,MISSED
14,2020-06,5153.55,0.0,Paid
14,2020-07,5153.55,5153.55,PAID
14,2020-08,5153.55,5153.55,PAID
14,2020-09,5153.55,5153.55,Paid
14,2020-10,5153.55,5153.55,Paid
14,2020-11,5153.55,5565.73,Paid
14,2020-12,5153.55,5372.39,paid
14,2021-01,5153.55,5153.55,PAID
14,2021-02,5153.55,5153.55,paid
14,2021-03,5153.55,5153.55,paid
15,2020-03,3009.15,3009.15,PAID
15,2020-04,3009.15,3009.15,Paid
15,2020-05,3009.15,3009.15,Late
15,2020-06,3009.15,2932.6,paid
15,2020-07,3009.15,3009.15,Missed
15,2020-08,3009.15,0.0,Paid
15,2020-09,3009.15,3009.15,Paid
15,2020-10,3009.15,0.0,Paid
15,2020-11,3009.15,3009.15,Paid
15,2020-12,3009.15,3009.15,PAID
15,2021-01,3009.15,3009.15,Paid
15,2021-02,3009.15,3009.15,Paid
15,2021-03,3009.15,0.0,Paid
15,2021-04,3009.15,3009.15,Paid
15,2021-05,3009.15,3009.15,Paid
15,2021-06,3009.15,0.0,Late
15,2021-07,3009.15,3009.15,missed
15,2021-08,3009.15,3009.15,Paid
15,2021-09,3009.15,0.0,Paid
15,2021-10,3009.15,3009.15,Paid
15,2021-11,3009.15,3009.15,Paid
15,2021-12,3009.15,3009.15,PAID
15,2022-01,3009.15,3009.15,paid
15,2022-02,3009.15,3009.15,Paid
15,2022-03,3009.15,3009.15,Paid
15,2022-04,3009.15,3194.27,paid
15,2022-05,3009.15,3009.15,PAID
15,2022-06,3009.15,3009.15,Paid
15,2022-07,3009.15,3009.15,Paid
15,2022-08,3009.15,3009.15,paid
15,2022-09,3009.15,3009.15,paid
15,2022-10,3009.15,0.0,PAID
15,2022-11,3009.15,3009.15,paid
15,2022-12,3009.15,3009.15,paid
15,2023-01,3009.15,3009.15,PAID
15,2023-02,3009.15,0.0,Paid
15,2023-03,3009.15,3009.15,Paid
15,2023-04,3009.15,3009.15,Paid
15,2023-05,3009.15,3009.15,Paid
15,2023-06,3009.15,3009.15,PAID
15,2023-07,3009.15,3009.15,Late
15,2023-08,3009.15,0.0,PAID
15,2023-09,3009.15,3009.15,PAID
15,2023-10,3009.15,3009.15,Paid
15,2023-10,3009.15,3009.15,Paid
15,2023-11,3009.15,3009.15,Paid
15,2023-12,3009.15,3009.15,Paid
15,2024-01,3009.15,0.0,Missed
15,2024-02,3009.15,3009.15,missed
15,2024-03,3009.15,3009.15,paid
15,2024-04,3009.15,3009.15,Paid
15,2024-05,3009.15,3009.15,PAID
15,2024-06,3009.15,3009.15,Paid
15,2024-07,3009.15,3129.85,LATE
15,2024-08,3009.15,3009.15,Missed
15,2024-09,3009.15,3009.15,paid
15,2024-10,3009.15,3009.15,paid
15,2024-11,3009.15,3009.15,Paid
15,2024-12,3009.15,3009.15,Paid
16,2021-04,3715.5,0.0,PAID
16,2021-05,3715.5,3715.5,late
16,2021-06,3715.5,3715.5,paid
16,2021-07,3715.5,3715.5,Missed
16,2021-08,3715.5,3715.5,PAID
16,2021-09,3715.5,3715.5,Late
16,2021-10,3715.5,3715.5,Paid
16,2021-11,3715.5,3715.5,paid
16,2021-12,3715.5,3715.5,paid
16,2022-01,3715.5,3715.5,PAID
16,2022-02,3715.5,3712.67,paid
16,2022-03,3715.5,3715.5,paid
16,2022-04,3715.5,3715.5,Paid
16,2022-05,3715.5,3715.5,paid
16,2022-06,3715.5,3715.5,paid
16,2022-07,3715.5,3715.5,Missed
16,2022-08,3715.5,3715.5,paid
16,2022-09,3715.5,3715.5,PAID
16,2022-10,3715.5,3972.44,Paid
16,2022-11,3715.5,3597.95,LATE
16,2022-12,3715.5,3715.5,late
16,2023-01,3715.5,3715.5,late
16,2023-02,3715.5,3715.5,Paid
16,2023-03,3715.5,3496.69,Paid
16,2023-04,3715.5,3715.5,Paid
16,2023-05,3715.5,3715.5,Paid
16,2023-06,3715.5,0.0,Paid
16,2023-07,3715.5,3470.9,paid
16,2023-08,3715.5,3927.19,Paid
16,2023-09,3715.5,0.0,PAID
16,2023-10,3715.5,3715.5,paid
16,2023-11,3715.5,3715.5,Paid
16,2023-12,3715.5,3715.5,paid
16,2024-01,3715.5,0.0,Paid
16,2024-02,3715.5,3715.5,Paid
16,2024-03,3715.5,3715.5,Paid
16,2024-04,3715.5,3715.5,Paid
16,2024-05,3715.5,3715.5,PAID
16,2024-06,3715.5,3715.5,PAID
16,2024-07,3715.5,3715.5,Paid
16,2024-08,3715.5,0.0,PAID
16,2024-09,3715.5,3715.5,Paid
16,2024-10,3715.5,3715.5,paid
16,2024-11,3715.5,3715.5,Paid
16,2024-12,3715.5,3715.5,Paid
17,2020-07,4392.74,4392.74,paid
17,2020-08,4392.74,4392.74,Paid
17,2020-09,4392.74,4392.74,Late
17,2020-10,4392.74,4392.74,paid
17,2020-11,4392.74,4392.74,Paid
17,2020-12,4392.74,0.0,Late
17,2021-01,4392.74,4370.97,Paid
17,2021-02,4392.74,0.0,Paid
17,2021-03,4392.74,4392.74,late
17,2021-04,4392.74,4392.74,Paid
17,2021-05,4392.74,4392.74,paid
17,2021-06,4392.74,4392.74,Paid
17,2021-07,4392.74,4392.74,PAID
17,2021-08,4392.74,0.0,Paid
17,2021-09,4392.74,4392.74,late
17,2021-10,4392.74,4392.74,paid
17,2021-11,4392.74,4392.74,LATE
17,2021-12,4392.74,4392.74,paid
17,2022-01,4392.74,4392.74,Paid
17,2022-02,4392.74,4392.74,Paid
17,2022-03,4392.74,4392.74,paid
17,2022-04,4392.74,4392.74,PAID
17,2022-05,4392.74,4392.74,Paid
17,2022-06,4392.74,4392.74,late
17,2022-07,4392.74,4392.74,paid
17,2022-08,4392.74,4392.74,Late
17,2022-09,4392.74,4392.74,Paid
17,2022-10,4392.74,4392.74,Paid
17,2022-11,4392.74,4831.51,Missed
17,2022-12,4392.74,4392.74,paid
17,2023-01,4392.74,4392.74,Paid
17,2023-02,4392.74,4392.74,Paid
17,2023-03,4392.74,4392.74,paid
17,2023-04,4392.74,4392.74,Paid
17,2023-05,4392.74,4392.74,Paid
17,2023-06,4392.74,4392.74,paid
17,2023-07,4392.74,4392.74,Paid
17,2023-08,4392.74,4392.74,Paid
17,2023-09,4392.74,4392.74,PAID
17,2023-10,4392.74,4392.74,paid
17,2023-11,4392.74,4392.74,PAID
17,2023-12,4392.74,4392.74,PAID
17,2024-01,4392.74,4392.74,Paid
17,2024-02,4392.74,4392.74,paid
17,2024-03,4392.74,4392.74,paid
17,2024-04,4392.74,4392.74,Paid
17,2024-05,4392.74,4392.74,LATE
17,2024-06,4392.74,4392.74,Paid
17,2024-07,4392.74,4392.74,paid
17,2024-08,4392.74,4392.74,paid
17,2024-09,4392.74,0.0,PAID
17,2024-10,4392.74,4392.74,paid
17,2024-11,4392.74,4392.74,Paid
17,2024-12,4392.74,4392.74,PAID
18,2018-04,5773.69,5773.69,LATE
18,2018-05,5773.69,0.0,PAID
18,2018-06,5773.69,5773.69,paid
18,2018-07,5773.69,5773.69,paid
18,2018-07,5773.69,5773.69,Paid
18,2018-08,5773.69,5773.69,Paid
18,2018-09,5773.69,5773.69,Late
18,2018-10,5773.69,0.0,PAID
18,2018-11,5773.69,5779.04,paid
18,2018-12,5773.69,5773.69,paid
18,2019-01,5773.69,5321.16,paid
18,2019-02,5773.69,5773.69,Paid
18,2019-03,5773.69,5773.69,paid
18,2019-04,5773.69,5773.69,Paid
18,2019-05,5773.69,5773.69,paid
18,2019-06,5773.69,5773.69,paid
18,2019-07,5773.69,5773.69,PAID
18,2019-08,5773.69,5773.69,Paid
18,2019-09,5773.69,5773.69,PAID
18,2019-10,5773.69,0.0,paid
18,2019-11,5773.69,5773.69,paid
18,2019-12,5773.69,6031.86,LATE
18,2020-01,5773.69,5773.69,paid
18,2020-02,5773.69,0.0,paid
18,2020-03,5773.69,5773.69,Paid
18,2020-04,5773.69,6071.85,PAID
18,2020-05,5773.69,5773.69,Paid
18,2020-06,5773.69,5773.69,Paid
18,2020-07,5773.69,5773.69,Paid
18,2020-08,5773.69,5773.69,Late
18,2020-09,5773.69,5773.69,paid
18,2020-10,5773.69,5773.69,Paid
18,2020-11,5773.69,5773.69,Paid
18,2020-12,5773.69,5773.69,LATE
18,2021-01,5773.69,5773.69,Late
18,2021-02,5773.69,0.0,Paid
18,2021-03,5773.69,0.0,LATE
19,2020-03,4945.1,4945.1,paid
19,2020-04,4945.1,4945.1,Paid
19,2020-05,4945.1,4945.1,late
19,2020-06,4945.1,0.0,Late
19,2020-07,4945.1,4945.1,Paid
19,2020-08,4945.1,4945.1,PAID
19,2020-09,4945.1,4945.1,paid
19,2020-10,4945.1,4945.1,Paid
19,2020-11,4945.1,4942.5,paid
19,2020-12,4945.1,4993.66,Paid
19,2021-01,4945.1,4945.1,Paid
19,2021-02,4945.1,4945.1,PAID
19,2021-03,4945.1,4945.1,Paid
19,2021-04,4945.1,4945.1,paid
19,2021-05,4945.1,4945.1,Paid
19,2021-06,4945.1,4945.1,PAID
19,2021-07,4945.1,4945.1,Paid
19,2021-08,4945.1,4945.1,Paid
19,2021-09,4945.1,4945.1,Paid
19,2021-10,4945.1,4945.1,late
19,2021-10,4945.1,4945.1,PAID
19,2021-11,4945.1,5178.72,Paid
19,2021-12,4945.1,4945.1,PAID
19,2022-01,4945.1,4945.1,paid
19,2022-02,4945.1,4945.1,Late
19,2022-03,4945.1,4945.1,PAID
19,2022-04,4945.1,4945.1,Missed
19,2022-05,4945.1,4945.1,Paid
19,2022-06,4945.1,4945.1,PAID
19,2022-07,4945.1,4945.1,Paid
19,2022-08,4945.1,4945.1,PAID
19,2022-09,4945.1,4945.1,paid
19,2022-10,4945.1,4945.1,Paid
19,2022-11,4945.1,4945.1,Paid
19,2022-12,4945.1,4945.1,PAID
19,2023-01,4945.1,0.0,Paid
19,2023-02,4945.1,4945.1,Paid
19,2023-03,4945.1,5226.34,paid
19,2023-04,4945.1,4945.1,PAID
19,2023-05,4945.1,4945.1,Paid
19,2023-06,4945.1,4827.98,Paid
19,2023-07,4945.1,5186.09,Paid
19,2023-08,4945.1,4945.1,Paid
19,2023-09,4945.1,4945.1,PAID
19,2023-10,4945.1,4945.1,PAID
19,2023-11,4945.1,4945.1,paid
19,2023-12,4945.1,4945.1,Paid
19,2024-01,4945.1,0.0,PAID
19,2024-02,4945.1,0.0,late
19,2024-03,4945.1,4945.1,Paid
19,2024-04,4945.1,4945.1,Paid
19,2024-05,4945.1,4945.1,PAID
19,2024-06,4945.1,4945.1,PAID
19,2024-07,4945.1,4945.1,Paid
19,2024-08,4945.1,4945.1,paid
19,2024-09,4945.1,4945.1,PAID
19,2024-10,4945.1,4945.1,paid
19,2024-11,4945.1,4945.1,Paid
19,2024-12,4945.1,4945.1,Paid
20,2023-08,4098.61,4098.61,paid
20,2023-09,4098.61,4098.61,paid
20,2023-10,4098.61,4098.61,PAID
20,2023-11,4098.61,4098.61,Paid
20,2023-12,4098.61,4098.61,PAID
20,2024-01,4098.61,0.0,paid
20,2024-02,4098.61,0.0,Paid
20,2024-03,4098.61,4098.61,Paid
20,2024-04,4098.61,4098.61,Paid
20,2024-05,4098.61,0.0,paid
20,2024-06,4098.61,4098.61,paid
20,2024-07,4098.61,4449.49,Paid
20,2024-08,4098.61,4098.61,Late
20,2024-09,4098.61,4098.61,PAID
20,2024-10,4098.61,4098.61,Paid
20,2024-10,4098.61,4098.61,Paid
20,2024-11,4098.61,4405.81,paid
20,2024-12,4098.61,0.0,paid
21,2023-11,5716.44,5716.44,Late
21,2023-12,5716.44,5716.44,LATE
21,2024-01,5716.44,5716.44,PAID
21,2024-01,5716.44,5716.44,paid
21,2024-03,5716.44,5716.44,Missed
21,2024-03,5716.44,5912.73,PAID
21,2024-04,5716.44,5716.44,PAID
21,2024-05,5716.44,5716.44,paid
21,2024-06,5716.44,5716.44,Paid
21,2024-07,5716.44,5716.44,Paid
21,2024-08,5716.44,5716.44,PAID
21,2024-09,5716.44,5716.44,Paid
21,2024-10,5716.44,5716.44,Late
22,2018-03,5170.31,5170.31,paid
22,2018-04,5170.31,5170.31,PAID
22,2018-05,5170.31,5170.31,paid
22,2018-06,5170.31,5170.31,paid
22,2018-07,5170.31,5170.31,PAID
22,2018-08,5170.31,5170.31,Paid
22,2018-09,5170.31,5170.31,Paid
22,2018-10,5170.31,5170.31,Paid
22,2018-11,5170.31,5170.31,PAID
22,2018-12,5170.31,5170.31,PAID
22,2019-01,5170.31,5170.31,PAID
22,2019-02,5170.31,5170.31,PAID
22,2019-03,5170.31,0.0,Paid
22,2019-04,5170.31,5170.31,late
22,2019-05,5170.31,5170.31,Paid
22,2019-06,5170.31,5170.31,PAID
22,2019-07,5170.31,5170.31,paid
22,2019-08,5170.31,5170.31,Late
22,2019-09,5170.31,5170.31,Paid
22,2019-10,5170.31,5565.36,PAID
22,2019-11,5170.31,0.0,PAID
22,2019-12,5170.31,5170.31,paid
22,2020-01,5170.31,5170.31,paid
22,2020-02,5170.31,5170.31,PAID
22,2020-03,5170.31,5170.31,PAID
22,2020-04,5170.31,5170.31,paid
22,2020-05,5170.31,5170.31,PAID
22,2020-06,5170.31,5170.31,missed
22,2020-07,5170.31,5170.31,paid
22,2020-08,5170.31,5170.31,Paid
22,2020-09,5170.31,5170.31,PAID
22,2020-10,5170.31,5170.31,Paid
22,2020-11,5170.31,5170.31,Paid
22,2020-12,5170.31,4862.52,Late
22,2021-01,5170.31,5170.31,paid
22,2021-02,5170.31,5170.31,paid
22,2021-03,5170.31,5170.31,paid
22,2021-04,5170.31,5170.31,Paid
22,2021-05,5170.31,5201.14,Paid
22,2021-06,5170.31,5170.31,paid
22,2021-07,5170.31,5170.31,paid
22,2021-08,5170.31,5170.31,PAID
22,2021-09,5170.31,0.0,paid
22,2021-10,5170.31,4660.72,Paid
22,2021-11,5170.31,5093.86,Paid
22,2021-12,5170.31,5170.31,Paid
22,2022-01,5170.31,5170.31,Paid
22,2022-02,5170.31,5170.31,Paid
22,2022-03,5170.31,5170.31,PAID
22,2022-04,5170.31,5170.31,Paid
22,2022-05,5170.31,5170.31,Paid
22,2022-06,5170.31,5170.31,paid
22,2022-07,5170.31,5170.31,paid
22,2022-08,5170.31,5170.31,paid
22,2022-09,5170.31,0.0,paid
22,2022-10,5170.31,5170.31,Late
22,2022-11,5170.31,5170.31,paid
22,2022-12,5170.31,5170.31,Paid
22,2023-01,5170.31,0.0,Late
22,2023-02,5170.31,5170.31,PAID
22,2023-03,5170.31,5170.31,paid
22,2023-04,5170.31,4938.61,Paid
22,2023-05,5170.31,5170.31,paid
22,2023-06,5170.31,5170.31,Paid
22,2023-07,5170.31,5170.31,PAID
22,2023-07,5170.31,5170.31,PAID
22,2023-08,5170.31,4728.13,paid
22,2023-09,5170.31,5170.31,Late
22,2023-10,5170.31,5170.31,PAID
22,2023-11,5170.31,5170.31,Paid
22,2023-12,5170.31,5170.31,Paid
22,2024-01,5170.31,0.0,PAID
22,2024-02,5170.31,5170.31,Paid
22,2024-03,5170.31,5513.8,paid
22,2024-04,5170.31,5170.31,PAID
22,2024-05,5170.31,5170.31,Late
22,2024-06,5170.31,5170.31,LATE
22,2024-07,5170.31,5170.31,Paid
22,2024-08,5170.31,5170.31,Paid
22,2024-09,5170.31,5604.81,Paid
22,2024-10,5170.31,5170.31,paid
22,2024-11,5170.31,5170.31,Paid
22,2024-12,5170.31,5170.31,Late
23,2020-02,4206.96,4206.96,Paid
23,2020-03,4206.96,4206.96,Paid
23,2020-04,4206.96,4206.96,paid
23,2020-05,4206.96,4206.96,paid
23,2020-06,4206.96,4206.96,Paid
23,2020-07,4206.96,4206.96,PAID
23,2020-08,4206.96,4206.96,PAID
23,2020-09,4206.96,4206.96,Paid
23,2020-10,4206.96,4206.96,PAID
23,2020-11,4206.96,4206.96,Paid
23,2020-12,4206.96,4206.96,LATE
23,2021-01,4206.96,4206.96,paid
23,2021-02,4206.96,4206.96,Missed
23,2021-03,4206.96,4206.96,paid
23,2021-04,4206.96,4206.96,Paid
23,2021-05,4206.96,4206.96,Paid
23,2021-06,4206.96,4206.96,Paid
23,2021-07,4206.96,4206.96,PAID
23,2021-08,4206.96,4206.96,Paid
23,2021-09,4206.96,4206.96,Paid
23,2021-10,4206.96,4206.96,PAID
23,2021-11,4206.96,4206.96,Late
23,2021-12,4206.96,4206.96,paid
23,2022-01,4206.96,0.0,Paid
23,2022-02,4206.96,4206.96,Paid
23,2022-03,4206.96,4206.96,Late
23,2022-04,4206.96,4206.96,PAID
23,2022-05,4206.96,4398.61,paid
23,2022-06,4206.96,4206.96,Paid
23,2022-07,4206.96,4120.31,paid
23,2022-08,4206.96,4206.96,Paid
23,2022-09,4206.96,4206.96,PAID
23,2022-10,4206.96,4206.96,Paid
23,2022-11,4206.96,4206.96,Paid
23,2022-12,4206.96,4206.96,LATE
23,2023-01,4206.96,4206.96,Paid
23,2023-02,4206.96,4206.96,Paid
23,2023-03,4206.96,4206.96,Paid
23,2023-04,4206.96,4206.96,paid
23,2023-05,4206.96,4206.96,Paid
23,2023-06,4206.96,4562.1,Late
23,2023-07,4206.96,4206.96,PAID
23,2023-08,4206.96,4206.96,Paid
23,2023-09,4206.96,4206.96,Paid
23,2023-10,4206.96,4206.96,PAID
23,2023-11,4206.96,4206.96,Paid
23,2023-12,4206.96,4206.96,Paid
23,2024-01,4206.96,3901.22,Paid
23,2024-02,4206.96,4206.96,PAID
23,2024-03,4206.96,4206.96,missed
23,2024-04,4206.96,4012.76,paid
23,2024-05,4206.96,4206.96,Paid
23,2024-06,4206.96,4206.96,Paid
23,2024-07,4206.96,4206.96,PAID
23,2024-08,4206.96,0.0,paid
23,2024-08,4206.96,4206.96,Late
23,2024-09,4206.96,4206.96,PAID
23,2024-10,4206.96,4206.96,paid
23,2024-11,4206.96,4206.96,PAID
23,2024-12,4206.96,4206.96,Paid
24,2022-02,5859.45,5859.45,paid
24,2022-03,5859.45,5859.45,paid
24,2022-04,5859.45,5859.45,Paid
24,2022-05,5859.45,5859.45,paid
24,2022-06,5859.45,5859.45,Missed
24,2022-07,5859.45,5859.45,PAID
24,2022-08,5859.45,5998.49,late
24,2022-09,5859.45,0.0,paid
24,2022-10,5859.45,5859.45,Missed
24,2022-11,5859.45,5859.45,Paid
24,2022-12,5859.45,5859.45,Late
24,2022-12,5859.45,5859.45,Paid
24,2023-01,5859.45,5859.45,Paid
24,2023-03,5859.45,5859.45,LATE
24,2023-03,5859.45,0.0,Paid
24,2023-04,5859.45,5859.45,Paid
24,2023-05,5859.45,5859.45,Paid
24,2023-06,5859.45,5859.45,Paid
24,2023-07,5859.45,5859.45,PAID
24,2023-08,5859.45,5859.45,paid
24,2023-09,5859.45,0.0,paid
24,2023-10,5859.45,5859.45,LATE
24,2023-11,5859.45,5859.45,Paid
24,2023-12,5859.45,5859.45,Paid
24,2024-01,5859.45,0.0,paid
24,2024-02,5859.45,0.0,Late
24,2024-03,5859.45,5859.45,paid
24,2024-04,5859.45,5859.45,Late
24,2024-05,5859.45,5996.48,paid
24,2024-06,5859.45,5526.52,paid
24,2024-07,5859.45,5859.45,PAID
24,2024-08,5859.45,5859.45,Paid
24,2024-09,5859.45,5859.45,Paid
24,2024-10,5859.45,5859.45,PAID
24,2024-11,5859.45,5859.45,Paid
24,2024-12,5859.45,5859.45,Paid
25,2022-01,3586.86,3586.86,Paid
25,2022-01,3586.86,3586.86,Paid
25,2022-03,3586.86,3586.86,missed
25,2022-04,3586.86,3586.86,PAID
25,2022-05,3586.86,3586.86,PAID
25,2022-05,3586.86,3586.86,Paid
25,2022-06,3586.86,3586.86,PAID
25,2022-07,3586.86,0.0,PAID
25,2022-08,3586.86,3586.86,PAID
25,2022-09,3586.86,3586.86,PAID
25,2022-10,3586.86,3586.86,PAID
25,2022-11,3586.86,3586.86,paid
25,2022-12,3586.86,3586.86,Paid
25,2023-01,3586.86,0.0,Paid
25,2023-02,3586.86,3586.86,paid
25,2023-03,3586.86,3586.86,paid
25,2023-04,3586.86,3586.86,paid
25,2023-05,3586.86,3586.86,PAID
25,2023-06,3586.86,3586.86,Missed
25,2023-07,3586.86,3586.86,Paid
25,2023-08,3586.86,3586.86,paid
25,2023-09,3586.86,3586.86,Paid
25,2023-10,3586.86,0.0,PAID
25,2023-11,3586.86,3586.86,Paid
25,2023-12,3586.86,3586.86,PAID
25,2024-01,3586.86,3586.86,paid
25,2024-02,3586.86,3586.86,PAID
25,2024-03,3586.86,3586.86,Paid
25,2024-04,3586.86,3586.86,Paid
25,2024-05,3586.86,3586.86,LATE
25,2024-06,3586.86,3586.86,paid
25,2024-07,3586.86,3908.92,Late
25,2024-08,3586.86,0.0,paid
25,2024-09,3586.86,3586.86,PAID
25,2024-10,3586.86,3586.86,Paid
25,2024-11,3586.86,3586.86,paid
25,2024-12,3586.86,3586.86,Paid
26,2020-02,2756.92,2756.92,Paid
26,2020-03,2756.92,0.0,paid
26,2020-04,2756.92,0.0,Paid
26,2020-05,2756.92,2959.5,PAID
26,2020-06,2756.92,2756.92,Paid
26,2020-07,2756.92,2756.92,PAID
26,2020-08,2756.92,2756.92,late
26,2020-09,2756.92,0.0,Late
26,2020-10,2756.92,2756.92,Paid
26,2020-11,2756.92,2756.92,Paid
26,2020-12,2756.92,2756.92,late
26,2021-01,2756.92,2756.92,Paid
26,2021-02,2756.92,2756.92,Paid
26,2021-03,2756.92,2756.92,LATE
26,2021-04,2756.92,2756.92,Paid
26,2021-05,2756.92,2756.92,PAID
26,2021-06,2756.92,2756.92,PAID
26,2021-07,2756.92,2756.92,PAID
26,2021-08,2756.92,2756.92,PAID
26,2021-09,2756.92,2756.92,late
26,2021-10,2756.92,2756.92,paid
26,2021-11,2756.92,2756.92,Paid
26,2021-12,2756.92,2756.92,Paid
26,2022-01,2756.92,2756.92,paid
26,2022-02,2756.92,2756.92,PAID
26,2022-03,2756.92,2756.92,paid
26,2022-04,2756.92,2756.92,Paid
26,2022-05,2756.92,2756.92,Late
26,2022-06,2756.92,2756.92,Paid
26,2022-07,2756.92,2630.02,PAID
26,2022-08,2756.92,2992.42,Missed
26,2022-09,2756.92,2756.92,Late
26,2022-10,2756.92,2886.68,Paid
26,2022-11,2756.92,2756.92,paid
26,2022-12,2756.92,2756.92,paid
26,2022-12,2756.92,2756.92,paid
26,2023-01,2756.92,2756.92,paid
26,2023-03,2756.92,2756.92,Late
26,2023-03,2756.92,2756.92,paid
26,2023-04,2756.92,2756.92,Paid
26,2023-05,2756.92,0.0,PAID
26,2023-06,2756.92,2756.92,PAID
26,2023-07,2756.92,2756.92,Paid
26,2023-08,2756.92,2756.92,Paid
26,2023-09,2756.92,0.0,PAID
26,2023-10,2756.92,2756.92,Paid
26,2023-11,2756.92,2871.21,PAID
26,2023-12,2756.92,2756.92,Paid
26,2024-01,2756.92,2756.92,PAID
26,2024-02,2756.92,2756.92,Paid
26,2024-03,2756.92,2756.92,PAID
26,2024-04,2756.92,2756.92,Paid
26,2024-05,2756.92,0.0,Paid
26,2024-06,2756.92,2967.94,Paid
26,2024-07,2756.92,2756.92,paid
26,2024-08,2756.92,2756.92,PAID
26,2024-09,2756.92,0.0,Paid
26,2024-10,2756.92,0.0,Late
26,2024-11,2756.92,2541.27,MISSED
26,2024-12,2756.92,2756.92,PAID
27,2021-05,,,paid
27,2021-06,,0.0,Paid
27,2021-07,,,paid
27,2021-08,,,Paid
27,2021-09,,,PAID
27,2021-10,,,paid
27,2021-11,,,Late
27,2021-12,,,Paid
27,2022-01,,,Paid
27,2022-02,,,Paid
27,2022-03,,,paid
27,2022-04,,,Paid
27,2022-05,,,PAID
27,2022-06,,0.0,Paid
27,2022-07,,,paid
27,2022-08,,,paid
27,2022-09,,,Paid
27,2022-10,,,Paid
27,2022-11,,,Late
27,2022-12,,,late
27,2023-01,,,Paid
27,2023-02,,,Paid
27,2023-03,,0.0,paid
27,2023-04,,,PAID
27,2023-05,,,Paid
27,2023-06,,,Paid
27,2023-07,,0.0,Late
27,2023-07,,,Paid
27,2023-08,,,PAID
27,2023-09,,,Paid
27,2023-10,,,Paid
27,2023-11,,,PAID
27,2023-12,,,PAID
27,2024-01,,,late
27,2024-02,,0.0,late
27,2024-03,,,Paid
27,2024-04,,0.0,PAID
27,2024-05,,,Paid
27,2024-06,,,PAID
27,2024-07,,,PAID
27,2024-08,,,Paid
27,2024-09,,,Paid
27,2024-10,,,late
27,2024-11,,,Paid
27,2024-12,,,paid
28,2023-04,4652.88,4652.88,PAID
28,2023-05,4652.88,0.0,Paid
28,2023-06,4652.88,0.0,Paid
28,2023-07,4652.88,4652.88,Paid
28,2023-07,4652.88,4652.88,Paid
28,2023-08,4652.88,4652.88,paid
28,2023-09,4652.88,0.0,Paid
28,2023-10,4652.88,4652.88,PAID
28,2023-11,4652.88,4652.88,paid
28,2023-12,4652.88,4652.88,Paid
28,2024-01,4652.88,4652.88,PAID
28,2024-02,4652.88,4652.88,Paid
28,2024-03,4652.88,4652.88,PAID
28,2024-04,4652.88,4652.88,Paid
28,2024-05,4652.88,4652.88,paid
28,2024-06,4652.88,4652.88,missed
28,2024-07,4652.88,4652.88,Paid
28,2024-08,4652.88,4652.88,PAID
28,2024-09,4652.88,4652.88,late
28,2024-10,4652.88,4652.88,Paid
28,2024-11,4652.88,4652.88,Paid
28,2024-12,4652.88,4652.88,Paid
29,2023-11,3844.52,3844.52,missed
29,2023-12,3844.52,3844.52,Paid
29,2024-01,3844.52,0.0,late
29,2024-02,3844.52,0.0,Paid
29,2024-03,3844.52,3844.52,Paid
29,2024-04,3844.52,3844.52,Paid
29,2024-05,3844.52,3844.52,PAID
29,2024-06,3844.52,3844.52,Paid
29,2024-07,3844.52,3844.52,MISSED
29,2024-08,3844.52,3472.15,Paid
29,2024-08,3844.52,3844.52,PAID
29,2024-09,3844.52,3844.52,Paid
29,2024-10,3844.52,3844.52,Paid
29,2024-11,3844.52,3844.52,paid
29,2024-12,3844.52,3844.52,Paid
30,2022-07,4867.57,4867.57,paid
30,2022-07,4867.57,4867.57,Paid
30,2022-08,4867.57,5091.66,Paid
30,2022-09,4867.57,5247.16,Paid
30,2022-10,4867.57,4867.57,Paid
30,2022-11,4867.57,4867.57,paid
30,2022-12,4867.57,4867.57,Paid
30,2023-01,4867.57,4867.57,Paid
30,2023-02,4867.57,4867.57,Paid
30,2023-03,4867.57,4867.57,Paid
30,2023-04,4867.57,4867.57,Paid
30,2023-05,4867.57,4867.57,paid
30,2023-06,4867.57,5143.82,Paid
30,2023-07,4867.57,4867.57,PAID
30,2023-08,4867.57,4867.57,Paid
30,2023-09,4867.57,4867.57,Paid
30,2023-10,4867.57,4867.57,paid
30,2023-11,4867.57,4867.57,Paid
30,2023-12,4867.57,4867.57,Paid
30,2024-01,4867.57,4867.57,Paid
30,2024-02,4867.57,0.0,paid
30,2024-03,4867.57,0.0,Paid
30,2024-04,4867.57,4867.57,PAID
30,2024-05,4867.57,4867.57,PAID
30,2024-06,4867.57,4867.57,Paid
30,2024-07,4867.57,4867.57,paid
30,2024-08,4867.57,0.0,Paid
30,2024-09,4867.57,4867.57,Late
30,2024-10,4867.57,4867.57,Paid
30,2024-11,4867.57,4867.57,PAID
30,2024-12,4867.57,4867.57,Missed
31,2023-07,3809.41,3809.41,paid
31,2023-08,3809.41,3809.41,Paid
31,2023-09,3809.41,3809.41,paid
31,2023-10,3809.41,3881.13,LATE
31,2023-11,3809.41,3809.41,paid
31,2023-12,3809.41,0.0,Paid
31,2024-01,3809.41,3809.41,PAID
31,2024-02,3809.41,3809.41,Paid
31,2024-03,3809.41,3773.94,Missed
31,2024-04,3809.41,3809.41,Paid
31,2024-05,3809.41,4020.53,Paid
31,2024-06,3809.41,3809.41,PAID
31,2024-07,3809.41,3809.41,Late
32,2019-06,4381.23,4381.23,Paid
32,2019-07,4381.23,4381.23,Late
32,2019-08,4381.23,4443.75,Paid
32,2019-09,4381.23,0.0,paid
32,2019-10,4381.23,4381.23,Paid
32,2019-10,4381.23,4381.23,Paid
32,2019-11,4381.23,4381.23,paid
32,2019-12,4381.23,4779.18,Paid
32,2020-01,4381.23,4381.23,Missed
32,2020-02,4381.23,4381.23,paid
32,2020-03,4381.23,4381.23,Paid
32,2020-04,4381.23,4381.23,paid
32,2020-05,4381.23,4381.23,Paid
32,2020-06,4381.23,4381.23,paid
32,2020-07,4381.23,4381.23,paid
32,2020-08,4381.23,4381.23,Paid
32,2020-09,4381.23,4381.23,Paid
32,2020-10,4381.23,4381.23,paid
32,2020-11,4381.23,0.0,paid
32,2020-12,4381.23,4381.23,Paid
32,2021-01,4381.23,4381.23,PAID
32,2021-02,4381.23,4067.18,Paid
32,2021-03,4381.23,4381.23,PAID
32,2021-04,4381.23,0.0,Paid
32,2021-05,4381.23,4478.69,paid
32,2021-06,4381.23,4378.73,PAID
32,2021-07,4381.23,0.0,Paid
32,2021-08,4381.23,4381.23,Paid
32,2021-09,4381.23,4381.23,Paid
32,2021-10,4381.23,4381.23,PAID
32,2021-11,4381.23,4381.23,Paid
32,2021-12,4381.23,4381.23,PAID
32,2022-01,4381.23,4030.7,Paid
32,2022-02,4381.23,4369.81,PAID
32,2022-03,4381.23,4381.23,Paid
32,2022-04,4381.23,4381.23,PAID
32,2022-05,4381.23,4381.23,Paid
32,2022-06,4381.23,4381.23,PAID
32,2022-07,4381.23,4381.23,Paid
32,2022-08,4381.23,4149.58,paid
32,2022-09,4381.23,4381.23,MISSED
32,2022-10,4381.23,4381.23,paid
32,2022-11,4381.23,4381.23,Paid
32,2022-12,4381.23,4381.23,late
32,2023-01,4381.23,4381.23,Paid
32,2023-02,4381.23,4381.23,paid
32,2023-03,4381.23,4381.23,paid
32,2023-04,4381.23,4727.42,Paid
32,2023-05,4381.23,4381.23,LATE
32,2023-06,4381.23,4381.23,Paid
32,2023-07,4381.23,4381.23,Paid
32,2023-08,4381.23,4325.03,Paid
32,2023-09,4381.23,4381.23,PAID
32,2023-10,4381.23,4381.23,PAID
32,2023-11,4381.23,0.0,Paid
32,2023-12,4381.23,4381.23,PAID
32,2024-01,4381.23,4381.23,PAID
32,2024-02,4381.23,4381.23,PAID
32,2024-03,4381.23,4381.23,Paid
32,2024-04,4381.23,4381.23,Missed
32,2024-05,4381.23,4381.23,PAID
33,2018-12,5516.93,5516.93,PAID
33,2019-01,5516.93,5516.93,paid
33,2019-02,5516.93,0.0,paid
33,2019-03,5516.93,5516.93,paid
33,2019-04,5516.93,5516.93,paid
33,2019-05,5516.93,5516.93,Paid
33,2019-06,5516.93,5516.93,Paid
33,2019-07,5516.93,5516.93,paid
33,2019-08,5516.93,5516.93,Paid
33,2019-09,5516.93,5516.93,paid
33,2019-10,5516.93,5951.04,paid
33,2019-11,5516.93,5516.93,PAID
33,2019-12,5516.93,5937.15,paid
34,2022-10,4755.88,4755.88,paid
34,2022-11,4755.88,4755.88,Paid
34,2022-12,4755.88,4755.88,PAID
34,2023-01,4755.88,4755.88,Paid
34,2023-02,4755.88,4755.88,LATE
34,2023-03,4755.88,4755.88,Paid
34,2023-04,4755.88,4755.88,Paid
34,2023-05,4755.88,4755.88,paid
34,2023-06,4755.88,4755.88,Paid
34,2023-07,4755.88,4755.88,paid
34,2023-08,4755.88,4755.88,Paid
34,2023-09,4755.88,4755.88,missed
34,2023-10,4755.88,4421.02,PAID
34,2023-11,4755.88,4755.88,PAID
34,2023-12,4755.88,4755.88,paid
34,2024-01,4755.88,5109.52,Paid
34,2024-02,4755.88,4755.88,Paid
34,2024-03,4755.88,4755.88,Paid
34,2024-04,4755.88,4755.88,Late
34,2024-05,4755.88,4755.88,Paid
34,2024-06,4755.88,4616.17,PAID
34,2024-07,4755.88,4755.88,PAID
34,2024-08,4755.88,4755.88,PAID
34,2024-09,4755.88,5225.55,Paid
34,2024-10,4755.88,4755.88,paid
34,2024-11,4755.88,4755.88,Paid
34,2024-12,4755.88,4755.88,paid
35,2019-01,6358.88,6358.88,Paid
35,2019-02,6358.88,6358.88,Missed
35,2019-03,6358.88,6358.88,LATE
35,2019-04,6358.88,6358.88,Late
35,2019-05,6358.88,6358.88,LATE
35,2019-06,6358.88,5754.53,PAID
35,2019-07,6358.88,5792.98,PAID
35,2019-08,6358.88,6358.88,paid
35,2019-09,6358.88,6358.88,paid
35,2019-10,6358.88,6358.88,paid
35,2019-11,6358.88,6358.88,Paid
35,2019-12,6358.88,6358.88,Paid
35,2020-01,6358.88,6358.88,PAID
35,2020-02,6358.88,6358.88,Missed
35,2020-03,6358.88,6358.88,Missed
35,2020-04,6358.88,6358.88,paid
35,2020-05,6358.88,6358.88,Missed
35,2020-06,6358.88,0.0,Missed
35,2020-07,6358.88,0.0,Paid
35,2020-08,6358.88,6358.88,PAID
35,2020-09,6358.88,6358.88,Paid
35,2020-10,6358.88,0.0,Paid
35,2020-11,6358.88,6358.88,paid
35,2020-12,6358.88,6358.88,Paid
35,2021-01,6358.88,6358.88,PAID
35,2021-02,6358.88,6358.88,paid
35,2021-03,6358.88,6358.88,Missed
35,2021-04,6358.88,6358.88,Late
35,2021-05,6358.88,6358.88,paid
35,2021-06,6358.88,6358.88,Paid
35,2021-07,6358.88,6358.88,paid
35,2021-08,6358.88,6358.88,Late
35,2021-09,6358.88,0.0,paid
35,2021-10,6358.88,6358.88,paid
35,2021-11,6358.88,6358.88,Paid
35,2021-12,6358.88,6358.88,Paid
35,2022-01,6358.88,0.0,PAID
35,2022-02,6358.88,0.0,Paid
35,2022-03,6358.88,6358.88,LATE
35,2022-04,6358.88,6358.88,PAID
35,2022-05,6358.88,6358.88,paid
35,2022-06,6358.88,6358.88,PAID
35,2022-07,6358.88,6358.88,Paid
35,2022-08,6358.88,6358.88,Missed
35,2022-09,6358.88,6358.88,paid
35,2022-10,6358.88,6358.88,PAID
35,2022-11,6358.88,6358.88,Missed
35,2022-12,6358.88,6358.88,Paid
35,2023-01,6358.88,5860.11,paid
35,2023-02,6358.88,6358.88,Paid
35,2023-03,6358.88,6358.88,PAID
35,2023-04,6358.88,6358.88,paid
35,2023-05,6358.88,0.0,Paid
35,2023-06,6358.88,6358.88,PAID
35,2023-07,6358.88,6765.32,PAID
35,2023-08,6358.88,6358.88,paid
35,2023-08,6358.88,5995.17,Paid
35,2023-09,6358.88,6358.88,paid
35,2023-10,6358.88,6358.88,PAID
35,2023-11,6358.88,6358.88,Paid
35,2023-12,6358.88,5895.84,Paid
36,2020-06,2803.99,2707.6,Paid
36,2020-07,2803.99,2803.99,Paid
36,2020-08,2803.99,2803.99,Missed
36,2020-09,2803.99,2995.25,Paid
36,2020-10,2803.99,2803.99,paid
36,2020-11,2803.99,2803.99,paid
36,2020-12,2803.99,2803.99,paid
36,2021-01,2803.99,2803.99,Paid
36,2021-02,2803.99,2803.99,Paid
36,2021-03,2803.99,2803.99,Paid
36,2021-04,2803.99,2803.99,Paid
36,2021-05,2803.99,2803.99,Missed
36,2021-06,2803.99,2803.99,paid
37,2019-01,5684.91,5684.91,PAID
37,2019-02,5684.91,0.0,paid
37,2019-03,5684.91,5320.05,Paid
37,2019-04,5684.91,5684.91,paid
37,2019-05,5684.91,5684.91,Paid
37,2019-06,5684.91,5684.91,Paid
37,2019-07,5684.91,5684.91,paid
37,2019-08,5684.91,5605.78,Late
37,2019-09,5684.91,5684.91,paid
37,2019-10,5684.91,0.0,Paid
37,2019-11,5684.91,5684.91,Paid
37,2019-12,5684.91,5684.91,Paid
37,2020-01,5684.91,5684.91,Paid
37,2020-02,5684.91,5684.91,Paid
37,2020-03,5684.91,5684.91,Paid
37,2020-04,5684.91,5684.91,paid
37,2020-05,5684.91,5684.91,paid
37,2020-06,5684.91,5684.91,Paid
37,2020-07,5684.91,5684.91,PAID
37,2020-08,5684.91,5684.91,paid
37,2020-09,5684.91,5309.45,paid
37,2020-10,5684.91,5684.91,Paid
37,2020-11,5684.91,5684.91,Paid
37,2020-12,5684.91,5684.91,Paid
37,2021-01,5684.91,5684.91,Paid
37,2021-02,5684.91,5684.91,MISSED
37,2021-03,5684.91,5684.91,PAID
37,2021-04,5684.91,6249.11,PAID
37,2021-05,5684.91,5684.91,paid
37,2021-06,5684.91,5684.91,Paid
37,2021-07,5684.91,5684.91,Paid
37,2021-08,5684.91,5684.91,Paid
37,2021-09,5684.91,5684.91,Paid
37,2021-10,5684.91,5684.91,LATE
37,2021-11,5684.91,5684.91,Missed
37,2021-12,5684.91,5684.91,Paid
37,2022-01,5684.91,5684.91,PAID
38,2023-07,2550.61,2550.61,Paid
38,2023-08,2550.61,2550.61,late
38,2023-09,2550.61,2550.61,Paid
38,2023-10,2550.61,2550.61,Paid
38,2023-11,2550.61,2550.61,Paid
38,2023-12,2550.61,2550.61,paid
38,2024-01,2550.61,2550.61,Paid
38,2024-02,2550.61,2550.61,Late
38,2024-03,2550.61,2752.88,Paid
38,2024-04,2550.61,2550.61,Paid
38,2024-05,2550.61,2550.61,PAID
38,2024-06,2550.61,2550.61,paid
38,2024-07,2550.61,2550.61,Late
39,2022-09,4241.95,4326.64,Paid
39,2022-10,4241.95,4241.95,PAID
39,2022-11,4241.95,4241.95,PAID
39,2022-12,4241.95,4241.95,paid
39,2023-01,4241.95,4241.95,Late
39,2023-02,4241.95,4241.95,Paid
39,2023-03,4241.95,4241.95,Paid
39,2023-04,4241.95,4637.98,paid
39,2023-05,4241.95,4241.95,Paid
39,2023-06,4241.95,4241.95,paid
39,2023-07,4241.95,4241.95,paid
39,2023-08,4241.95,4241.95,Missed
39,2023-09,4241.95,4241.95,Paid
39,2023-10,4241.95,4241.95,Late
39,2023-11,4241.95,4241.95,paid
39,2023-12,4241.95,4479.04,Paid
39,2024-01,4241.95,4241.95,paid
39,2024-02,4241.95,4241.95,Paid
39,2024-03,4241.95,4241.95,Paid
39,2024-04,4241.95,3861.96,Paid
39,2024-05,4241.95,4241.95,Paid
39,2024-06,4241.95,3951.65,PAID
39,2024-07,4241.95,4241.95,Paid
39,2024-08,4241.95,4241.95,PAID
39,2024-08,4241.95,4241.95,PAID
39,2024-09,4241.95,0.0,Paid
39,2024-10,4241.95,4241.95,LATE
39,2024-11,4241.95,0.0,PAID
39,2024-12,4241.95,4241.95,PAID
40,2020-06,3573.58,0.0,Paid
40,2020-07,3573.58,3573.58,paid
40,2020-08,3573.58,0.0,Paid
40,2020-09,3573.58,3573.58,PAID
40,2020-10,3573.58,3573.58,Paid
40,2020-11,3573.58,3573.58,PAID
40,2020-12,3573.58,3573.58,PAID
40,2021-01,3573.58,3573.58,Paid
40,2021-02,3573.58,3573.58,PAID
40,2021-03,3573.58,3573.58,paid
40,2021-04,3573.58,3573.58,Missed
40,2021-05,3573.58,3573.58,Paid
40,2021-06,3573.58,0.0,paid
40,2021-07,3573.58,3573.58,late
40,2021-08,3573.58,0.0,Paid
40,2021-09,3573.58,3573.58,paid
40,2021-10,3573.58,3573.58,Paid
40,2021-11,3573.58,3573.58,Paid
40,2021-12,3573.58,3247.79,Paid
40,2022-01,3573.58,3573.58,Paid
40,2022-02,3573.58,3573.58,Paid
40,2022-03,3573.58,3573.58,Paid
40,2022-04,3573.58,3573.58,Late
40,2022-05,3573.58,0.0,PAID
40,2022-06,3573.58,3573.58,Paid
40,2022-07,3573.58,3573.58,late
40,2022-08,3573.58,3573.58,Paid
40,2022-09,3573.58,3573.58,late
40,2022-10,3573.58,3573.58,PAID
40,2022-11,3573.58,3573.58,PAID
40,2022-12,3573.58,3573.58,PAID
40,2023-01,3573.58,3765.31,Paid
40,2023-02,3573.58,0.0,paid
40,2023-03,3573.58,3573.58,Missed
40,2023-04,3573.58,3809.94,Paid
40,2023-05,3573.58,3573.58,Paid
40,2023-06,3573.58,3573.58,Missed
40,2023-07,3573.58,3573.58,LATE
40,2023-08,3573.58,3676.24,paid
40,2023-09,3573.58,3573.58,paid
40,2023-10,3573.58,3573.58,Missed
40,2023-11,3573.58,0.0,LATE
40,2023-12,3573.58,3573.58,PAID
40,2024-01,3573.58,3573.58,Paid
40,2024-02,3573.58,3573.58,paid
40,2024-03,3573.58,3573.58,Paid
40,2024-04,3573.58,3573.58,Paid
40,2024-05,3573.58,3573.58,Paid
40,2024-05,3573.58,0.0,Paid
40,2024-06,3573.58,3573.58,Paid
40,2024-07,3573.58,3573.58,Paid
40,2024-08,3573.58,3573.58,PAID
40,2024-09,3573.58,3573.58,PAID
40,2024-10,3573.58,3573.58,paid
40,2024-11,3573.58,3573.58,Paid
40,2024-12,3573.58,0.0,Paid
41,2022-01,3845.59,3845.59,paid
41,2022-02,3845.59,3845.59,PAID
41,2022-03,3845.59,3781.18,Paid
41,2022-04,3845.59,3845.59,Paid
41,2022-05,3845.59,3845.59,PAID
41,2022-06,3845.59,3845.59,paid
41,2022-07,3845.59,3764.78,Paid
41,2022-08,3845.59,3845.59,Paid
41,2022-09,3845.59,3845.59,Paid
41,2022-10,3845.59,3564.95,paid
41,2022-11,3845.59,3845.59,Paid
41,2022-12,3845.59,3845.59,PAID
41,2023-01,3845.59,0.0,PAID
42,2022-05,4723.16,4407.75,Paid
42,2022-06,4723.16,4723.16,LATE
42,2022-07,4723.16,4723.16,paid
42,2022-08,4723.16,5051.54,Paid
42,2022-09,4723.16,4723.16,Paid
42,2022-10,4723.16,0.0,Paid
42,2022-11,4723.16,4268.81,paid
42,2022-12,4723.16,4723.16,late
42,2023-01,4723.16,4723.16,Paid
42,2023-02,4723.16,0.0,PAID
42,2023-03,4723.16,4723.16,Paid
42,2023-04,4723.16,4723.16,Paid
42,2023-05,4723.16,4723.16,Paid
42,2023-06,4723.16,4723.16,Paid
42,2023-07,4723.16,4723.16,Paid
42,2023-08,4723.16,4707.0,PAID
42,2023-09,4723.16,4643.8,Missed
42,2023-10,4723.16,4723.16,Missed
42,2023-11,4723.16,4723.16,paid
42,2023-12,4723.16,4723.16,PAID
42,2024-01,4723.16,4723.16,Paid
42,2024-02,4723.16,4723.16,Paid
42,2024-03,4723.16,4723.16,late
42,2024-04,4723.16,4723.16,Paid
42,2024-05,4723.16,4723.16,missed
42,2024-06,4723.16,4350.42,PAID
42,2024-07,4723.16,4723.16,Paid
42,2024-08,4723.16,4723.16,LATE
42,2024-09,4723.16,4723.16,PAID
42,2024-10,4723.16,4723.16,PAID
42,2024-11,4723.16,4723.16,PAID
42,2024-12,4723.16,0.0,Paid
43,2019-06,5083.61,5083.61,Paid
43,2019-07,5083.61,5083.61,Paid
43,2019-08,5083.61,5083.61,Paid
43,2019-09,5083.61,5083.61,paid
43,2019-10,5083.61,0.0,PAID
43,2019-11,5083.61,5083.61,PAID
43,2019-12,5083.61,5217.42,Paid
43,2020-01,5083.61,5083.61,Paid
43,2020-02,5083.61,5083.61,Paid
43,2020-03,5083.61,5083.61,Paid
43,2020-04,5083.61,5083.61,Paid
43,2020-05,5083.61,5083.61,Paid
43,2020-06,5083.61,5083.61,Paid
43,2020-07,5083.61,5083.61,Late
43,2020-08,5083.61,5083.61,Paid
43,2020-09,5083.61,5083.61,Paid
43,2020-10,5083.61,5083.61,paid
43,2020-11,5083.61,5083.61,Paid
43,2020-12,5083.61,5083.61,Late
43,2021-01,5083.61,5083.61,PAID
43,2021-02,5083.61,5083.61,PAID
43,2021-03,5083.61,5083.61,PAID
43,2021-04,5083.61,5083.61,Paid
43,2021-05,5083.61,5083.61,Paid
43,2021-06,5083.61,0.0,Paid
43,2021-07,5083.61,0.0,PAID
43,2021-08,5083.61,5083.61,Paid
43,2021-09,5083.61,5083.61,Paid
43,2021-10,5083.61,5083.61,Missed
43,2021-11,5083.61,5083.61,PAID
43,2021-12,5083.61,5083.61,missed
43,2022-01,5083.61,5083.61,PAID
43,2022-02,5083.61,5083.61,Missed
43,2022-03,5083.61,5083.61,PAID
43,2022-04,5083.61,5083.61,Paid
43,2022-05,5083.61,5083.61,Paid
43,2022-06,5083.61,0.0,Late
44,2018-12,3976.08,3976.08,paid
44,2019-01,3976.08,3614.0,Paid
44,2019-02,3976.08,3976.08,Paid
44,2019-03,3976.08,3976.08,PAID
44,2019-04,3976.08,3976.08,Paid
44,2019-05,3976.08,3976.08,Paid
44,2019-06,3976.08,3976.08,paid
44,2019-07,3976.08,3976.08,paid
44,2019-08,3976.08,3976.08,Paid
44,2019-09,3976.08,3976.08,PAID
44,2019-10,3976.08,3976.08,PAID
44,2019-11,3976.08,3976.08,PAID
44,2019-12,3976.08,3976.08,Paid
45,2022-03,3726.49,0.0,Paid
45,2022-04,3726.49,3996.27,Paid
45,2022-05,3726.49,3747.29,paid
45,2022-06,3726.49,3479.17,Paid
45,2022-07,3726.49,3726.49,MISSED
45,2022-08,3726.49,0.0,MISSED
45,2022-09,3726.49,0.0,Paid
45,2022-10,3726.49,0.0,Paid
45,2022-11,3726.49,3726.49,late
45,2022-12,3726.49,3726.49,Paid
45,2023-01,3726.49,3726.49,Late
45,2023-02,3726.49,0.0,Paid
45,2023-03,3726.49,0.0,PAID
45,2023-04,3726.49,3766.79,paid
45,2023-05,3726.49,3726.49,Paid
45,2023-06,3726.49,3726.49,PAID
45,2023-07,3726.49,3726.49,PAID
45,2023-08,3726.49,3726.49,Paid
45,2023-09,3726.49,0.0,Paid
45,2023-10,3726.49,3726.49,Paid
45,2023-11,3726.49,3726.49,Paid
45,2023-12,3726.49,3726.49,Paid
45,2024-01,3726.49,0.0,paid
45,2024-02,3726.49,3726.49,PAID
45,2024-03,3726.49,3726.49,LATE
45,2024-04,3726.49,3726.49,Paid
45,2024-05,3726.49,3726.49,Paid
45,2024-06,3726.49,3726.49,Paid
45,2024-07,3726.49,3726.49,LATE
45,2024-08,3726.49,3709.0,LATE
45,2024-09,3726.49,3726.49,Paid
45,2024-10,3726.49,3726.49,paid
45,2024-11,3726.49,3726.49,Paid
45,2024-12,3726.49,3726.49,Paid
46,2020-04,3365.54,3365.54,paid
46,2020-05,3365.54,3365.54,paid
46,2020-06,3365.54,3218.22,Late
46,2020-07,3365.54,3365.54,PAID
46,2020-08,3365.54,3365.54,Paid
46,2020-09,3365.54,3365.54,paid
46,2020-10,3365.54,3365.54,Paid
46,2020-11,3365.54,3365.54,PAID
46,2020-12,3365.54,0.0,paid
46,2021-01,3365.54,3365.54,Late
46,2021-02,3365.54,3365.54,Missed
46,2021-03,3365.54,3365.54,Paid
46,2021-04,3365.54,3365.54,Paid
46,2021-05,3365.54,3365.54,Paid
46,2021-06,3365.54,3365.54,PAID
46,2021-07,3365.54,0.0,Late
46,2021-08,3365.54,3365.54,paid
46,2021-09,3365.54,3365.54,paid
46,2021-10,3365.54,3365.54,paid
46,2021-11,3365.54,3352.06,Paid
46,2021-12,3365.54,3365.54,Paid
46,2022-01,3365.54,3365.54,PAID
46,2022-02,3365.54,3365.54,paid
46,2022-03,3365.54,3365.54,paid
46,2022-04,3365.54,3365.54,late
46,2022-05,3365.54,3569.08,Paid
46,2022-06,3365.54,0.0,paid
46,2022-07,3365.54,3365.54,Paid
46,2022-08,3365.54,3365.54,paid
46,2022-09,3365.54,3365.54,paid
46,2022-10,3365.54,3365.54,Paid
46,2022-11,3365.54,3365.54,paid
46,2022-12,3365.54,3560.35,PAID
46,2023-01,3365.54,3365.54,Paid
46,2023-02,3365.54,3365.54,PAID
46,2023-03,3365.54,3365.54,Missed
46,2023-04,3365.54,3365.54,PAID
47,2018-03,3409.93,3409.93,paid
47,2018-04,3409.93,3409.93,PAID
47,2018-05,3409.93,3409.93,Late
47,2018-06,3409.93,3409.93,PAID
47,2018-07,3409.93,3409.93,Paid
47,2018-08,3409.93,3409.93,Paid
47,2018-09,3409.93,3409.93,Paid
47,2018-10,3409.93,3409.93,paid
47,2018-11,3409.93,3409.93,PAID
47,2018-12,3409.93,3409.93,Missed
47,2019-01,3409.93,3409.93,paid
47,2019-02,3409.93,3089.41,Paid
47,2019-03,3409.93,3409.93,Late
47,2019-04,3409.93,0.0,PAID
47,2019-05,3409.93,3409.93,PAID
47,2019-06,3409.93,3409.93,paid
47,2019-07,3409.93,3409.93,PAID
47,2019-08,3409.93,3409.93,PAID
47,2019-09,3409.93,3409.93,PAID
47,2019-10,3409.93,3409.93,Missed
47,2019-11,3409.93,3167.44,LATE
47,2019-12,3409.93,3409.93,Paid
47,2020-01,3409.93,3409.93,PAID
47,2020-02,3409.93,3409.93,PAID
47,2020-03,3409.93,0.0,PAID
47,2020-04,3409.93,3409.93,LATE
47,2020-05,3409.93,3409.93,paid
47,2020-06,3409.93,3409.93,Late
47,2020-07,3409.93,3409.93,Paid
47,2020-08,3409.93,3409.93,Missed
47,2020-09,3409.93,3409.93,late
47,2020-10,3409.93,3409.93,PAID
47,2020-11,3409.93,3409.93,LATE
47,2020-12,3409.93,3409.93,PAID
47,2021-01,3409.93,3409.93,PAID
47,2021-02,3409.93,3409.93,Paid
47,2021-03,3409.93,3409.93,Paid
47,2021-04,3409.93,3409.93,PAID
47,2021-05,3409.93,3683.73,paid
47,2021-06,3409.93,3409.93,paid
47,2021-07,3409.93,3409.93,Paid
47,2021-08,3409.93,3409.93,Paid
47,2021-09,3409.93,3409.93,Paid
47,2021-10,3409.93,0.0,Paid
47,2021-11,3409.93,3409.93,paid
47,2021-12,3409.93,3409.93,PAID
47,2022-01,3409.93,3409.93,PAID
47,2022-02,3409.93,3409.93,Paid
47,2022-03,3409.93,3409.93,Paid
47,2022-04,3409.93,3409.93,Late
47,2022-05,3409.93,3409.93,Paid
47,2022-06,3409.93,3409.93,paid
47,2022-07,3409.93,3409.93,PAID
47,2022-08,3409.93,3409.93,Paid
47,2022-09,3409.93,3604.54,LATE
47,2022-10,3409.93,3409.93,Paid
47,2022-10,3409.93,3409.93,Paid
47,2022-11,3409.93,3457.34,Paid
47,2022-12,3409.93,0.0,PAID
47,2023-01,3409.93,0.0,Paid
47,2023-02,3409.93,0.0,Paid
47,2023-03,3409.93,3409.93,paid
47,2023-04,3409.93,3409.93,Paid
47,2023-05,3409.93,3409.93,paid
47,2023-06,3409.93,3409.93,Paid
47,2023-07,3409.93,3409.93,PAID
47,2023-08,3409.93,3409.93,PAID
47,2023-09,3409.93,3409.93,Paid
47,2023-10,3409.93,3166.25,Paid
47,2023-11,3409.93,3409.93,Paid
47,2023-12,3409.93,3409.93,Paid
47,2024-01,3409.93,3409.93,Paid
47,2024-02,3409.93,3409.93,Paid
47,2024-03,3409.93,3409.93,Paid
47,2024-04,3409.93,3409.93,paid
47,2024-05,3409.93,3409.93,PAID
47,2024-06,3409.93,3409.93,paid
47,2024-07,3409.93,3409.93,Paid
47,2024-08,3409.93,3409.93,Paid
47,2024-09,3409.93,0.0,Paid
47,2024-10,3409.93,3409.93,paid
47,2024-11,3409.93,3542.57,Paid
47,2024-12,3409.93,3409.93,paid
48,2020-10,5051.48,0.0,PAID
48,2020-11,5051.48,5051.48,paid
48,2020-12,5051.48,0.0,Paid
48,2021-01,5051.48,5051.48,PAID
48,2021-02,5051.48,5051.48,paid
48,2021-03,5051.48,5051.48,paid
48,2021-04,5051.48,5051.48,PAID
48,2021-05,5051.48,5051.48,Paid
48,2021-06,5051.48,5051.48,paid
48,2021-07,5051.48,5051.48,paid
48,2021-08,5051.48,0.0,PAID
48,2021-09,5051.48,5051.48,paid
48,2021-10,5051.48,0.0,paid
49,2019-03,6361.99,6361.99,PAID
49,2019-04,6361.99,6788.73,PAID
49,2019-05,6361.99,0.0,Paid
49,2019-06,6361.99,6361.99,Paid
49,2019-07,6361.99,6361.99,Paid
49,2019-08,6361.99,6557.93,PAID
49,2019-09,6361.99,6762.9,Paid
49,2019-10,6361.99,0.0,Late
49,2019-11,6361.99,6361.99,missed
49,2019-12,6361.99,6361.99,LATE
49,2020-01,6361.99,6138.5,Paid
49,2020-02,6361.99,6361.99,Paid
49,2020-03,6361.99,6361.99,Paid
50,2023-07,3106.91,0.0,Paid
50,2023-08,3106.91,3106.91,paid
50,2023-09,3106.91,3106.91,Late
50,2023-10,3106.91,3106.91,paid
50,2023-11,3106.91,0.0,Paid
50,2023-12,3106.91,3106.91,PAID
50,2024-01,3106.91,3106.91,Late
50,2024-02,3106.91,3106.91,paid
50,2024-03,3106.91,3106.91,Paid
50,2024-04,3106.91,3106.91,Paid
50,2024-05,3106.91,3106.91,LATE
50,2024-06,3106.91,3106.91,Paid
50,2024-07,3106.91,3106.91,paid
50,2024-07,3106.91,2915.81,PAID
50,2024-08,3106.91,3106.91,PAID
50,2024-09,3106.91,3246.71,PAID
50,2024-10,3106.91,3106.91,Paid
50,2024-11,3106.91,3106.91,Paid
50,2024-12,3106.91,0.0,Missed
51,2020-02,5602.77,5602.77,Paid
51,2020-03,5602.77,5602.77,paid
51,2020-04,5602.77,5602.77,Paid
51,2020-05,5602.77,5602.77,Paid
51,2020-06,5602.77,5602.77,Paid
51,2020-07,5602.77,0.0,Paid
51,2020-08,5602.77,5602.77,Paid
51,2020-09,5602.77,5602.77,Late
51,2020-10,5602.77,5602.77,missed
51,2020-11,5602.77,6075.2,PAID
51,2020-12,5602.77,5602.77,Paid
51,2021-01,5602.77,5602.77,paid
51,2021-01,5602.77,5602.77,PAID
51,2021-03,5602.77,5602.77,paid
51,2021-04,5602.77,5602.77,Paid
51,2021-05,5602.77,5602.77,PAID
51,2021-05,5602.77,0.0,Paid
51,2021-06,5602.77,5602.77,LATE
51,2021-07,5602.77,5602.77,Paid
51,2021-08,5602.77,5602.77,Late
51,2021-09,5602.77,5602.77,late
51,2021-10,5602.77,5602.77,PAID
51,2021-11,5602.77,5602.77,Paid
51,2021-12,5602.77,0.0,Paid
51,2022-01,5602.77,0.0,Paid
51,2022-02,5602.77,5602.77,PAID
51,2022-03,5602.77,5602.77,Paid
51,2022-04,5602.77,5602.77,PAID
51,2022-05,5602.77,5247.25,Paid
51,2022-06,5602.77,5602.77,paid
51,2022-07,5602.77,5602.77,Paid
51,2022-08,5602.77,5075.74,Paid
51,2022-09,5602.77,5110.91,paid
51,2022-10,5602.77,5602.77,PAID
51,2022-11,5602.77,5718.17,Missed
51,2022-12,5602.77,5602.77,Paid
51,2023-01,5602.77,5602.77,Paid
51,2023-02,5602.77,5602.77,Paid
51,2023-03,5602.77,5602.77,late
51,2023-04,5602.77,0.0,Late
51,2023-05,5602.77,5602.77,paid
51,2023-06,5602.77,5602.77,PAID
51,2023-07,5602.77,5602.77,Paid
51,2023-08,5602.77,5602.77,Paid
51,2023-09,5602.77,0.0,paid
51,2023-10,5602.77,5602.77,PAID
51,2023-11,5602.77,5602.77,paid
51,2023-12,5602.77,5602.77,Late
51,2024-01,5602.77,5602.77,Late
51,2024-02,5602.77,5602.77,paid
51,2024-03,5602.77,5602.77,Paid
51,2024-04,5602.77,5602.77,PAID
51,2024-05,5602.77,5602.77,late
51,2024-06,5602.77,5602.77,Paid
51,2024-07,5602.77,5602.77,Paid
51,2024-08,5602.77,5602.77,PAID
51,2024-09,5602.77,5602.77,Paid
51,2024-10,5602.77,5602.77,paid
51,2024-11,5602.77,5602.77,Paid
51,2024-12,5602.77,5602.77,Missed
52,2022-12,4938.52,4938.52,paid
52,2023-01,4938.52,4938.52,PAID
52,2023-02,4938.52,4807.88,Late
52,2023-03,4938.52,4505.79,Paid
52,2023-04,4938.52,4938.52,PAID
52,2023-05,4938.52,4938.52,Paid
52,2023-06,4938.52,0.0,Late
52,2023-07,4938.52,4938.52,Paid
52,2023-08,4938.52,4938.52,paid
52,2023-08,4938.52,4938.52,missed
52,2023-09,4938.52,4938.52,PAID
52,2023-10,4938.52,4938.52,Paid
52,2023-11,4938.52,4938.52,PAID
52,2023-12,4938.52,5299.46,Paid
52,2024-01,4938.52,4938.52,PAID
52,2024-02,4938.52,4938.52,Paid
52,2024-03,4938.52,4938.52,Paid
52,2024-04,4938.52,4938.52,Paid
52,2024-05,4938.52,0.0,paid
52,2024-06,4938.52,4938.52,PAID
52,2024-07,4938.52,4938.52,PAID
52,2024-08,4938.52,4938.52,paid
52,2024-09,4938.52,4938.52,PAID
52,2024-10,4938.52,4938.52,PAID
52,2024-11,4938.52,5406.85,paid
52,2024-12,4938.52,4938.52,Paid
53,2023-03,,,paid
53,2023-04,,,PAID
53,2023-05,,,paid
53,2023-06,,,Paid
53,2023-07,,,paid
53,2023-08,,0.0,PAID
53,2023-09,,0.0,Paid
53,2023-10,,,PAID
53,2023-11,,,Paid
53,2023-12,,,LATE
53,2024-01,,,Paid
53,2024-02,,0.0,paid
53,2024-03,,,paid
53,2024-04,,,Paid
53,2024-05,,,PAID
53,2024-06,,,paid
53,2024-07,,,PAID
53,2024-08,,,Paid
53,2024-09,,0.0,Late
53,2024-10,,,Paid
53,2024-11,,,PAID
53,2024-12,,,paid
54,2019-05,5311.95,5311.95,PAID
54,2019-06,5311.95,5311.95,PAID
54,2019-07,5311.95,5311.95,Paid
54,2019-08,5311.95,5311.95,paid
54,2019-09,5311.95,5311.95,LATE
54,2019-10,5311.95,5559.14,MISSED
54,2019-10,5311.95,5311.95,PAID
54,2019-11,5311.95,5311.95,Missed
54,2019-12,5311.95,5311.95,Paid
54,2020-01,5311.95,5363.34,paid
54,2020-02,5311.95,5311.95,PAID
54,2020-03,5311.95,5821.35,paid
54,2020-04,5311.95,5311.95,Paid
54,2020-05,5311.95,5311.95,Paid
54,2020-06,5311.95,5311.95,paid
54,2020-07,5311.95,5311.95,Late
54,2020-08,5311.95,5311.95,Paid
54,2020-09,5311.95,5311.95,PAID
54,2020-10,5311.95,5311.95,Paid
54,2020-11,5311.95,0.0,Paid
54,2020-12,5311.95,5311.95,Paid
54,2021-01,5311.95,5311.95,Paid
54,2021-02,5311.95,5311.95,LATE
54,2021-03,5311.95,5311.95,Late
54,2021-04,5311.95,5311.95,paid
54,2021-05,5311.95,5311.95,paid
54,2021-06,5311.95,0.0,Paid
54,2021-07,5311.95,5788.32,PAID
54,2021-08,5311.95,5311.95,missed
54,2021-09,5311.95,5311.95,late
54,2021-10,5311.95,5311.95,PAID
54,2021-11,5311.95,5311.95,late
54,2021-12,5311.95,5311.95,PAID
54,2022-01,5311.95,5311.95,Paid
54,2022-02,5311.95,5311.95,Paid
54,2022-03,5311.95,5311.95,paid
54,2022-04,5311.95,5311.95,paid
54,2022-05,5311.95,5311.95,Paid
54,2022-06,5311.95,5311.95,paid
54,2022-07,5311.95,5311.95,paid
54,2022-08,5311.95,5311.95,Paid
54,2022-09,5311.95,5311.95,Paid
54,2022-10,5311.95,5303.5,PAID
54,2022-11,5311.95,5311.95,Paid
54,2022-12,5311.95,5311.95,Paid
54,2023-01,5311.95,5311.95,Paid
54,2023-02,5311.95,5311.95,Paid
54,2023-03,5311.95,0.0,LATE
54,2023-04,5311.95,5311.95,Paid
54,2023-05,5311.95,5311.95,PAID
54,2023-06,5311.95,5311.95,missed
54,2023-07,5311.95,5311.95,PAID
54,2023-08,5311.95,5311.95,Late
54,2023-09,5311.95,5311.95,PAID
54,2023-10,5311.95,5311.95,PAID
54,2023-11,5311.95,0.0,Paid
54,2023-12,5311.95,5311.95,Paid
54,2024-01,5311.95,5236.47,PAID
54,2024-02,5311.95,5311.95,LATE
54,2024-03,5311.95,5311.95,paid
54,2024-04,5311.95,5311.95,PAID
54,2024-05,5311.95,5311.95,PAID
54,2024-06,5311.95,5311.95,paid
54,2024-07,5311.95,5311.95,PAID
54,2024-08,5311.95,5311.95,Paid
54,2024-09,5311.95,5311.95,Paid
54,2024-10,5311.95,5311.95,paid
54,2024-11,5311.95,5482.39,Paid
54,2024-12,5311.95,5311.95,PAID
55,2021-12,2959.11,2959.11,paid
55,2022-01,2959.11,0.0,PAID
55,2022-02,2959.11,2959.11,Paid
55,2022-03,2959.11,2959.11,paid
55,2022-04,2959.11,2959.11,paid
55,2022-05,2959.11,0.0,MISSED
55,2022-06,2959.11,2959.11,Paid
55,2022-07,2959.11,2959.11,PAID
55,2022-08,2959.11,0.0,Paid
55,2022-09,2959.11,2959.11,Paid
55,2022-10,2959.11,2959.11,Paid
55,2022-11,2959.11,0.0,paid
55,2022-12,2959.11,2959.11,Missed
55,2023-01,2959.11,0.0,PAID
55,2023-02,2959.11,2959.11,paid
55,2023-03,2959.11,2959.11,Paid
55,2023-04,2959.11,2959.11,PAID
55,2023-05,2959.11,2959.11,Paid
55,2023-06,2959.11,2959.11,PAID
55,2023-07,2959.11,2959.11,PAID
55,2023-08,2959.11,0.0,paid
55,2023-09,2959.11,2959.11,PAID
55,2023-10,2959.11,2959.11,PAID
55,2023-11,2959.11,2959.11,Paid
55,2023-12,2959.11,2959.11,Paid
55,2024-01,2959.11,2959.11,Paid
55,2024-02,2959.11,2959.11,Paid
55,2024-03,2959.11,2959.11,paid
55,2024-04,2959.11,2959.11,paid
55,2024-05,2959.11,2959.11,Late
55,2024-06,2959.11,2959.11,Paid
55,2024-07,2959.11,2959.11,Paid
55,2024-08,2959.11,2959.11,Paid
55,2024-09,2959.11,2959.11,Paid
55,2024-10,2959.11,2959.11,Paid
55,2024-11,2959.11,2959.11,Paid
55,2024-12,2959.11,2959.11,PAID
56,2020-05,5495.83,0.0,PAID
56,2020-06,5495.83,5495.83,PAID
56,2020-07,5495.83,5495.83,Paid
56,2020-08,5495.83,4961.14,paid
56,2020-09,5495.83,5495.83,paid
56,2020-10,5495.83,5816.41,Paid
56,2020-11,5495.83,5099.28,Paid
56,2020-12,5495.83,5495.83,PAID
56,2021-01,5495.83,0.0,paid
56,2021-02,5495.83,0.0,Paid
56,2021-03,5495.83,5495.83,paid
56,2021-04,5495.83,5415.74,Paid
56,2021-05,5495.83,5495.83,paid
56,2021-06,5495.83,5495.83,Paid
56,2021-07,5495.83,5495.83,paid
56,2021-08,5495.83,5495.83,Paid
56,2021-09,5495.83,5495.83,Paid
56,2021-10,5495.83,5495.83,Late
56,2021-11,5495.83,5495.83,late
56,2021-12,5495.83,5495.83,MISSED
56,2022-01,5495.83,5495.83,Paid
56,2022-02,5495.83,5416.09,PAID
56,2022-03,5495.83,0.0,MISSED
56,2022-04,5495.83,5495.83,Paid
56,2022-05,5495.83,5495.83,Paid
56,2022-06,5495.83,5495.83,Late
56,2022-07,5495.83,5495.83,PAID
56,2022-08,5495.83,5495.83,PAID
56,2022-09,5495.83,5495.83,paid
56,2022-10,5495.83,5495.83,paid
56,2022-11,5495.83,0.0,PAID
56,2022-12,5495.83,5495.83,Late
56,2023-01,5495.83,5495.83,PAID
56,2023-02,5495.83,5495.83,paid
56,2023-03,5495.83,5495.83,paid
56,2023-04,5495.83,5866.73,late
56,2023-05,5495.83,5495.83,paid
57,2019-09,4501.89,4501.89,PAID
57,2019-10,4501.89,4501.89,Paid
57,2019-11,4501.89,4501.89,paid
57,2019-12,4501.89,4501.89,late
57,2020-01,4501.89,4501.89,Paid
57,2020-01,4501.89,4501.89,Late
57,2020-03,4501.89,4501.89,Paid
57,2020-03,4501.89,4501.89,Paid
57,2020-04,4501.89,4501.89,paid
57,2020-05,4501.89,4501.89,paid
57,2020-06,4501.89,4501.89,Paid
57,2020-07,4501.89,4501.89,Paid
57,2020-08,4501.89,4121.76,Paid
57,2020-09,4501.89,0.0,paid
57,2020-10,4501.89,0.0,Paid
57,2020-11,4501.89,4501.89,LATE
57,2020-12,4501.89,4501.89,Paid
57,2021-01,4501.89,0.0,Paid
57,2021-02,4501.89,0.0,Paid
57,2021-03,4501.89,4501.89,Paid
57,2021-04,4501.89,4501.89,paid
57,2021-05,4501.89,4501.89,PAID
57,2021-06,4501.89,0.0,Paid
57,2021-07,4501.89,4501.89,PAID
57,2021-08,4501.89,4615.3,MISSED
57,2021-09,4501.89,4501.89,PAID
57,2021-10,4501.89,4501.89,Missed
57,2021-11,4501.89,4501.89,Paid
57,2021-12,4501.89,0.0,Paid
57,2022-01,4501.89,4501.89,PAID
57,2022-02,4501.89,4501.89,paid
57,2022-03,4501.89,4501.89,paid
57,2022-04,4501.89,4501.89,Paid
57,2022-05,4501.89,4501.89,paid
57,2022-06,4501.89,0.0,Paid
57,2022-07,4501.89,4501.89,Paid
57,2022-08,4501.89,4501.89,Paid
57,2022-09,4501.89,0.0,Late
57,2022-10,4501.89,4501.89,Paid
57,2022-11,4501.89,4501.89,Missed
57,2022-12,4501.89,0.0,Paid
57,2023-01,4501.89,4501.89,paid
57,2023-02,4501.89,4501.89,paid
57,2023-03,4501.89,4390.08,paid
57,2023-04,4501.89,4501.89,Paid
57,2023-05,4501.89,4501.89,Late
57,2023-06,4501.89,4501.89,Paid
57,2023-07,4501.89,4501.89,Paid
57,2023-08,4501.89,4501.89,Paid
57,2023-09,4501.89,4501.89,Paid
57,2023-10,4501.89,4501.89,Paid
57,2023-11,4501.89,0.0,Paid
57,2023-12,4501.89,4501.89,paid
57,2024-01,4501.89,4501.89,PAID
57,2024-02,4501.89,0.0,Paid
57,2024-03,4501.89,0.0,Late
57,2024-04,4501.89,4501.89,Paid
57,2024-05,4501.89,4857.5,Paid
57,2024-06,4501.89,4501.89,Paid
57,2024-07,4501.89,4501.89,Missed
57,2024-08,4501.89,4501.89,paid
58,2018-06,3415.7,3415.7,PAID
58,2018-07,3415.7,3415.7,Late
58,2018-08,3415.7,0.0,LATE
58,2018-08,3415.7,3415.7,Paid
58,2018-09,3415.7,3415.7,MISSED
58,2018-10,3415.7,3415.7,paid
58,2018-11,3415.7,3415.7,PAID
58,2018-12,3415.7,3415.7,PAID
58,2019-01,3415.7,3415.7,Paid
58,2019-02,3415.7,0.0,late
58,2019-03,3415.7,3415.7,Paid
58,2019-04,3415.7,3415.7,Paid
58,2019-05,3415.7,3415.7,PAID
59,2022-08,2660.93,2660.93,Paid
59,2022-09,2660.93,2660.93,Paid
59,2022-10,2660.93,2660.93,late
59,2022-11,2660.93,2660.93,paid
59,2022-12,2660.93,2660.93,paid
59,2023-01,2660.93,2660.93,Paid
59,2023-02,2660.93,2660.93,Paid
59,2023-03,2660.93,2660.93,Missed
59,2023-04,2660.93,2660.93,Paid
59,2023-05,2660.93,0.0,PAID
59,2023-06,2660.93,2660.93,Paid
59,2023-07,2660.93,2660.93,PAID
59,2023-08,2660.93,0.0,late
59,2023-09,2660.93,0.0,Paid
59,2023-10,2660.93,2660.93,Paid
59,2023-11,2660.93,2660.93,MISSED
59,2023-12,2660.93,2660.93,Paid
59,2024-01,2660.93,2660.93,PAID
59,2024-02,2660.93,2660.93,Paid
59,2024-03,2660.93,2660.93,paid
59,2024-04,2660.93,2660.93,Paid
59,2024-05,2660.93,2660.93,PAID
59,2024-06,2660.93,2660.93,Paid
59,2024-07,2660.93,0.0,PAID
59,2024-08,2660.93,0.0,paid
59,2024-09,2660.93,2785.55,Missed
59,2024-10,2660.93,2660.93,PAID
59,2024-11,2660.93,2660.93,Paid
59,2024-12,2660.93,2660.93,PAID
60,2020-02,5039.14,5039.14,paid
60,2020-03,5039.14,5039.14,PAID
60,2020-04,5039.14,5039.14,Paid
60,2020-05,5039.14,5039.14,paid
60,2020-06,5039.14,4609.38,missed
60,2020-07,5039.14,5039.14,Late
60,2020-08,5039.14,5039.14,PAID
60,2020-09,5039.14,5039.14,late
60,2020-10,5039.14,5039.14,paid
60,2020-11,5039.14,5039.14,LATE
60,2020-12,5039.14,5039.14,PAID
60,2021-01,5039.14,5039.14,late
60,2021-02,5039.14,5039.14,PAID
60,2021-03,5039.14,5039.14,Missed
60,2021-04,5039.14,5039.14,Paid
60,2021-05,5039.14,5039.14,Late
60,2021-06,5039.14,5039.14,Late
60,2021-07,5039.14,5334.59,PAID
60,2021-08,5039.14,5039.14,Paid
60,2021-09,5039.14,5039.14,paid
60,2021-10,5039.14,5039.14,Paid
60,2021-10,5039.14,5039.14,paid
60,2021-11,5039.14,5039.14,Paid
60,2021-12,5039.14,5350.6,PAID
60,2022-01,5039.14,5197.32,Paid
60,2022-02,5039.14,5039.14,Paid
60,2022-03,5039.14,5039.14,PAID
60,2022-04,5039.14,5039.14,PAID
60,2022-05,5039.14,5039.14,paid
60,2022-06,5039.14,5039.14,Paid
60,2022-07,5039.14,5039.14,Paid
60,2022-08,5039.14,5039.14,paid
60,2022-09,5039.14,5039.14,PAID
60,2022-10,5039.14,5039.14,paid
60,2022-11,5039.14,5039.14,Paid
60,2022-12,5039.14,0.0,paid
60,2023-01,5039.14,5008.8,Paid
60,2023-02,5039.14,5039.14,Paid
60,2023-03,5039.14,0.0,Paid
60,2023-04,5039.14,5039.14,Paid
60,2023-05,5039.14,5039.14,Late
60,2023-06,5039.14,4760.99,PAID
60,2023-07,5039.14,5039.14,Paid
60,2023-08,5039.14,5265.0,paid
60,2023-09,5039.14,5039.14,paid
60,2023-10,5039.14,5039.14,Paid
60,2023-11,5039.14,5039.14,PAID
60,2023-12,5039.14,5039.14,Paid
60,2024-01,5039.14,5039.14,Late
60,2024-02,5039.14,5039.14,PAID
60,2024-03,5039.14,5039.14,Missed
60,2024-04,5039.14,5039.14,Paid
60,2024-05,5039.14,5039.14,PAID
60,2024-06,5039.14,5039.14,paid
60,2024-07,5039.14,0.0,PAID
60,2024-08,5039.14,0.0,Paid
60,2024-09,5039.14,4745.52,Paid
60,2024-10,5039.14,5039.14,PAID
60,2024-11,5039.14,4666.3,Late
60,2024-12,5039.14,5039.14,Paid
61,2021-01,3819.21,3819.21,Paid
61,2021-02,3819.21,3819.21,Paid
61,2021-03,3819.21,3819.21,Paid
61,2021-04,3819.21,3942.86,Paid
61,2021-05,3819.21,3819.21,PAID
61,2021-06,3819.21,3819.21,paid
61,2021-07,3819.21,3819.21,Paid
61,2021-08,3819.21,3819.21,Paid
61,2021-09,3819.21,3819.21,Paid
61,2021-10,3819.21,3627.44,paid
61,2021-11,3819.21,0.0,Paid
61,2021-12,3819.21,3819.21,Paid
61,2022-01,3819.21,3997.89,Late
62,2022-01,3758.07,3758.07,Paid
62,2022-02,3758.07,3758.07,PAID
62,2022-03,3758.07,3758.07,Paid
62,2022-04,3758.07,3758.07,paid
62,2022-05,3758.07,3758.07,paid
62,2022-06,3758.07,3758.07,Paid
62,2022-07,3758.07,3758.07,paid
62,2022-08,3758.07,3758.07,Paid
62,2022-09,3758.07,3758.07,paid
62,2022-10,3758.07,3758.07,PAID
62,2022-11,3758.07,3758.07,Paid
62,2022-12,3758.07,3758.07,Missed
62,2023-01,3758.07,3758.07,Paid
62,2023-02,3758.07,3758.07,Paid
62,2023-03,3758.07,3758.07,paid
62,2023-04,3758.07,3758.07,PAID
62,2023-05,3758.07,3816.38,Paid
62,2023-06,3758.07,3758.07,Paid
62,2023-07,3758.07,3758.07,Late
62,2023-08,3758.07,3758.07,Paid
62,2023-09,3758.07,3758.07,Paid
62,2023-10,3758.07,3773.16,paid
62,2023-11,3758.07,3758.07,Missed
62,2023-12,3758.07,3758.07,PAID
62,2024-01,3758.07,3758.07,MISSED
62,2024-02,3758.07,3758.07,paid
62,2024-03,3758.07,3758.07,paid
62,2024-04,3758.07,0.0,Paid
62,2024-05,3758.07,3758.07,PAID
62,2024-06,3758.07,3758.07,LATE
62,2024-07,3758.07,3758.07,PAID
62,2024-08,3758.07,3758.07,paid
62,2024-09,3758.07,3758.07,Paid
62,2024-10,3758.07,3758.07,Paid
62,2024-11,3758.07,3758.07,Paid
62,2024-12,3758.07,3758.07,PAID
63,2023-01,3250.33,3250.33,Paid
63,2023-02,3250.33,0.0,Paid
63,2023-03,3250.33,3250.33,Late
63,2023-04,3250.33,0.0,Paid
63,2023-05,3250.33,3250.33,Paid
63,2023-06,3250.33,3250.33,paid
63,2023-07,3250.33,3423.75,PAID
63,2023-08,3250.33,3250.33,Paid
63,2023-09,3250.33,3250.33,Paid
63,2023-10,3250.33,0.0,PAID
63,2023-11,3250.33,3450.21,Late
63,2023-12,3250.33,3100.93,missed
63,2024-01,3250.33,3114.19,Paid
63,2024-02,3250.33,3250.33,paid
63,2024-03,3250.33,3250.33,Paid
63,2024-04,3250.33,3250.33,PAID
63,2024-05,3250.33,3250.33,missed
63,2024-06,3250.33,3250.33,paid
63,2024-07,3250.33,0.0,paid
63,2024-08,3250.33,3250.33,paid
63,2024-09,3250.33,3250.33,paid
63,2024-10,3250.33,3250.33,PAID
63,2024-11,3250.33,3250.33,Paid
63,2024-12,3250.33,3250.33,paid
64,2019-12,4252.46,4252.46,PAID
64,2020-01,4252.46,4252.46,Paid
64,2020-02,4252.46,4252.46,Missed
64,2020-03,4252.46,4252.46,paid
64,2020-04,4252.46,4252.46,Paid
64,2020-05,4252.46,4252.46,Paid
64,2020-06,4252.46,0.0,Paid
64,2020-07,4252.46,0.0,LATE
64,2020-08,4252.46,4252.46,PAID
64,2020-09,4252.46,4252.46,Paid
64,2020-10,4252.46,4252.46,PAID
64,2020-11,4252.46,4252.46,Paid
64,2020-12,4252.46,4252.46,Paid
64,2021-01,4252.46,4541.05,Paid
64,2021-02,4252.46,4252.46,Paid
64,2021-03,4252.46,4252.46,Missed
64,2021-04,4252.46,4252.46,paid
64,2021-05,4252.46,4252.46,paid
64,2021-06,4252.46,4252.46,PAID
64,2021-07,4252.46,4252.46,PAID
64,2021-08,4252.46,4252.46,Paid
64,2021-09,4252.46,4252.46,Paid
64,2021-10,4252.46,4252.46,Paid
64,2021-11,4252.46,4252.46,Late
64,2021-12,4252.46,4252.46,PAID
64,2022-01,4252.46,4252.46,PAID
64,2022-02,4252.46,4252.46,PAID
64,2022-03,4252.46,0.0,paid
64,2022-04,4252.46,4252.46,Late
64,2022-05,4252.46,4252.46,Late
64,2022-06,4252.46,4252.46,Late
64,2022-07,4252.46,4252.46,Paid
64,2022-08,4252.46,4252.46,late
64,2022-09,4252.46,4252.46,late
64,2022-10,4252.46,4252.46,Paid
64,2022-11,4252.46,4252.46,PAID
64,2022-12,4252.46,4252.46,Paid
64,2023-01,4252.46,4568.4,missed
64,2023-02,4252.46,4252.46,Paid
64,2023-03,4252.46,4420.45,Paid
64,2023-04,4252.46,4252.46,paid
64,2023-05,4252.46,4252.46,paid
64,2023-06,4252.46,4252.46,paid
64,2023-07,4252.46,4633.48,late
64,2023-08,4252.46,4181.22,paid
64,2023-09,4252.46,4252.46,paid
64,2023-10,4252.46,4252.46,Paid
64,2023-11,4252.46,4252.46,PAID
64,2023-12,4252.46,0.0,PAID
64,2024-01,4252.46,4252.46,paid
64,2024-02,4252.46,4478.42,Paid
64,2024-03,4252.46,4252.46,paid
64,2024-04,4252.46,4252.46,PAID
64,2024-05,4252.46,4252.46,paid
64,2024-06,4252.46,4252.46,paid
64,2024-07,4252.46,4439.42,paid
64,2024-08,4252.46,0.0,Paid
64,2024-09,4252.46,0.0,PAID
64,2024-10,4252.46,4252.46,paid
64,2024-10,4252.46,4625.29,Paid
64,2024-11,4252.46,4252.46,Paid
64,2024-12,4252.46,4252.46,PAID
65,2018-03,4703.36,4703.36,paid
65,2018-04,4703.36,0.0,Late
65,2018-05,4703.36,4703.36,PAID
65,2018-05,4703.36,4703.36,PAID
65,2018-06,4703.36,0.0,Paid
65,2018-07,4703.36,4703.36,Paid
65,2018-08,4703.36,4703.36,Paid
65,2018-09,4703.36,4495.56,Paid
65,2018-10,4703.36,0.0,Paid
65,2018-11,4703.36,0.0,PAID
65,2018-12,4703.36,4703.36,paid
65,2019-01,4703.36,4703.36,Paid
65,2019-02,4703.36,4703.36,PAID
66,2023-04,4493.5,4493.5,Paid
66,2023-05,4493.5,4493.5,late
66,2023-06,4493.5,4493.5,Missed
66,2023-07,4493.5,4493.5,Paid
66,2023-08,4493.5,4493.5,PAID
66,2023-09,4493.5,4762.74,missed
66,2023-10,4493.5,4493.5,Paid
66,2023-11,4493.5,0.0,Paid
66,2023-12,4493.5,4493.5,paid
66,2024-01,4493.5,4493.5,Paid
66,2024-02,4493.5,4493.5,paid
66,2024-03,4493.5,4493.5,PAID
66,2024-04,4493.5,4493.5,Paid
67,2019-07,3078.57,3078.57,Paid
67,2019-08,3078.57,3078.57,PAID
67,2019-09,3078.57,3078.57,paid
67,2019-10,3078.57,3078.57,Paid
67,2019-11,3078.57,3212.4,Paid
67,2019-12,3078.57,3290.95,paid
67,2020-01,3078.57,3078.57,Paid
67,2020-02,3078.57,2896.34,Paid
67,2020-03,3078.57,0.0,Paid
67,2020-04,3078.57,3078.57,Paid
67,2020-05,3078.57,3078.57,Paid
67,2020-06,3078.57,3078.57,PAID
67,2020-07,3078.57,3145.71,Paid
67,2020-08,3078.57,3078.57,PAID
67,2020-09,3078.57,3078.57,paid
67,2020-10,3078.57,3078.57,Paid
67,2020-11,3078.57,3078.57,late
67,2020-12,3078.57,3078.57,Paid
67,2021-01,3078.57,3078.57,PAID
67,2021-02,3078.57,3078.57,MISSED
67,2021-03,3078.57,3078.57,PAID
67,2021-04,3078.57,3078.57,paid
67,2021-05,3078.57,3078.57,Late
67,2021-06,3078.57,3078.57,PAID
67,2021-07,3078.57,3078.57,LATE
67,2021-08,3078.57,3078.57,paid
67,2021-09,3078.57,0.0,PAID
67,2021-10,3078.57,3078.57,PAID
67,2021-11,3078.57,2845.08,Paid
67,2021-12,3078.57,3078.57,Paid
67,2022-01,3078.57,0.0,paid
67,2022-02,3078.57,3078.57,Late
67,2022-03,3078.57,3078.57,Paid
67,2022-04,3078.57,3078.57,late
67,2022-05,3078.57,3225.57,Paid
67,2022-06,3078.57,3078.57,Paid
67,2022-07,3078.57,3078.57,PAID
67,2022-08,3078.57,3078.57,paid
67,2022-09,3078.57,3135.86,Paid
67,2022-10,3078.57,3078.57,Paid
67,2022-11,3078.57,2953.79,Paid
67,2022-12,3078.57,3078.57,PAID
67,2023-01,3078.57,0.0,LATE
67,2023-02,3078.57,3078.57,Late
67,2023-03,3078.57,0.0,paid
67,2023-04,3078.57,3078.57,PAID
67,2023-05,3078.57,3078.57,missed
67,2023-06,3078.57,3078.57,PAID
67,2023-07,3078.57,3078.57,paid
67,2023-08,3078.57,3078.57,paid
67,2023-09,3078.57,3078.57,Paid
67,2023-10,3078.57,3078.57,PAID
67,2023-11,3078.57,3078.57,paid
67,2023-12,3078.57,3078.57,PAID
67,2024-01,3078.57,3078.57,Paid
67,2024-02,3078.57,3078.57,paid
67,2024-03,3078.57,3078.57,paid
67,2024-04,3078.57,3078.57,Late
67,2024-05,3078.57,3078.57,PAID
67,2024-05,3078.57,3078.57,late
67,2024-06,3078.57,3078.57,Paid
67,2024-07,3078.57,3078.57,Paid
67,2024-08,3078.57,3078.57,Paid
67,2024-09,3078.57,3078.57,PAID
67,2024-10,3078.57,0.0,PAID
67,2024-11,3078.57,3194.31,PAID
67,2024-12,3078.57,3078.57,PAID
68,2021-06,3859.5,3859.5,Late
68,2021-07,3859.5,3859.5,Paid
68,2021-08,3859.5,3859.5,Missed
68,2021-09,3859.5,3859.5,Paid
68,2021-10,3859.5,3859.5,paid
68,2021-11,3859.5,3859.5,Paid
68,2021-12,3859.5,3859.5,PAID
68,2022-01,3859.5,0.0,PAID
68,2022-02,3859.5,3859.5,Paid
68,2022-03,3859.5,3859.5,Paid
68,2022-04,3859.5,3859.5,Paid
68,2022-05,3859.5,3859.5,Paid
68,2022-06,3859.5,3859.5,LATE
68,2022-07,3859.5,4220.95,PAID
68,2022-08,3859.5,4031.04,paid
68,2022-09,3859.5,3859.5,paid
68,2022-10,3859.5,3859.5,PAID
68,2022-11,3859.5,3859.5,PAID
68,2022-12,3859.5,3859.5,Paid
68,2023-01,3859.5,3859.5,late
68,2023-02,3859.5,3859.5,Paid
68,2023-03,3859.5,3692.07,PAID
68,2023-04,3859.5,0.0,Paid
68,2023-05,3859.5,3859.5,Paid
68,2023-06,3859.5,3862.98,Paid
68,2023-07,3859.5,0.0,PAID
68,2023-08,3859.5,0.0,Paid
68,2023-09,3859.5,3859.5,Paid
68,2023-10,3859.5,3859.5,Paid
68,2023-11,3859.5,3859.5,Paid
68,2023-12,3859.5,3859.5,Paid
68,2024-01,3859.5,3859.5,LATE
68,2024-02,3859.5,3859.5,Paid
68,2024-03,3859.5,3859.5,paid
68,2024-04,3859.5,3859.5,paid
68,2024-05,3859.5,3859.5,paid
68,2024-06,3859.5,0.0,Paid
68,2024-07,3859.5,3784.78,PAID
68,2024-08,3859.5,0.0,Paid
68,2024-09,3859.5,3859.5,Paid
68,2024-10,3859.5,3859.5,Late
68,2024-11,3859.5,3859.5,Paid
68,2024-12,3859.5,3859.5,Paid
69,2023-11,5961.04,5961.04,missed
69,2023-12,5961.04,5961.04,PAID
69,2024-01,5961.04,5961.04,PAID
69,2024-02,5961.04,5961.04,Paid
69,2024-03,5961.04,5961.04,PAID
69,2024-04,5961.04,5961.04,Paid
69,2024-05,5961.04,5961.04,Paid
69,2024-06,5961.04,5961.04,PAID
69,2024-07,5961.04,5961.04,Paid
69,2024-08,5961.04,5961.04,Paid
69,2024-09,5961.04,5961.04,LATE
69,2024-10,5961.04,5961.04,Paid
69,2024-11,5961.04,5961.04,paid
69,2024-12,5961.04,5961.04,Paid
70,2018-03,5978.41,5940.98,Paid
70,2018-04,5978.41,5978.41,paid
70,2018-05,5978.41,5978.41,Paid
70,2018-06,5978.41,5978.41,Paid
70,2018-07,5978.41,5978.41,PAID
70,2018-08,5978.41,0.0,PAID
70,2018-09,5978.41,5978.41,Paid
70,2018-10,5978.41,5978.41,Paid
70,2018-11,5978.41,5978.41,Paid
70,2018-12,5978.41,5657.77,PAID
70,2019-01,5978.41,5978.41,paid
70,2019-02,5978.41,5992.41,Paid
70,2019-03,5978.41,5978.41,Paid
70,2019-04,5978.41,5978.41,Paid
70,2019-05,5978.41,5978.41,PAID
70,2019-06,5978.41,5978.41,PAID
70,2019-07,5978.41,5978.41,Paid
70,2019-08,5978.41,5978.41,Paid
70,2019-09,5978.41,5978.41,Late
70,2019-10,5978.41,5978.41,PAID
70,2019-11,5978.41,5978.41,paid
70,2019-12,5978.41,5978.41,Paid
70,2020-01,5978.41,5978.41,late
70,2020-02,5978.41,5709.32,paid
70,2020-03,5978.41,5978.41,paid
70,2020-04,5978.41,5978.41,Late
70,2020-05,5978.41,5978.41,Paid
70,2020-06,5978.41,5978.41,paid
70,2020-07,5978.41,0.0,PAID
70,2020-08,5978.41,5978.41,late
70,2020-09,5978.41,5978.41,paid
70,2020-10,5978.41,5978.41,PAID
70,2020-11,5978.41,5978.41,Paid
70,2020-12,5978.41,5978.41,Missed
70,2021-01,5978.41,5978.41,paid
70,2021-02,5978.41,0.0,PAID
70,2021-03,5978.41,5910.73,PAID
70,2021-04,5978.41,5978.41,paid
70,2021-05,5978.41,5978.41,Paid
70,2021-06,5978.41,5978.41,Paid
70,2021-07,5978.41,0.0,LATE
70,2021-08,5978.41,5978.41,paid
70,2021-09,5978.41,5978.41,Paid
70,2021-10,5978.41,5978.41,Late
70,2021-11,5978.41,5978.41,LATE
70,2021-12,5978.41,5978.41,Paid
70,2022-01,5978.41,5978.41,Paid
70,2022-02,5978.41,5978.41,PAID
70,2022-03,5978.41,5978.41,Paid
70,2022-04,5978.41,0.0,Paid
70,2022-05,5978.41,5978.41,PAID
70,2022-06,5978.41,0.0,Paid
70,2022-07,5978.41,5978.41,Missed
70,2022-08,5978.41,5978.41,PAID
70,2022-08,5978.41,5978.41,Paid
70,2022-09,5978.41,0.0,Paid
70,2022-10,5978.41,5978.41,LATE
70,2022-11,5978.41,5978.41,Paid
70,2022-12,5978.41,5978.41,paid
70,2023-01,5978.41,5978.41,Paid
70,2023-02,5978.41,5978.41,LATE
70,2023-03,5978.41,5978.41,PAID
70,2023-04,5978.41,5978.41,Paid
70,2023-05,5978.41,5978.41,Paid
70,2023-06,5978.41,5978.41,paid
70,2023-07,5978.41,5978.41,paid
70,2023-08,5978.41,5978.41,Missed
70,2023-09,5978.41,5978.41,Paid
70,2023-10,5978.41,5978.41,LATE
70,2023-11,5978.41,5978.41,Paid
70,2023-12,5978.41,5488.66,PAID
70,2024-01,5978.41,5978.41,paid
70,2024-02,5978.41,5978.41,Paid
70,2024-03,5978.41,0.0,PAID
70,2024-04,5978.41,5978.41,Paid
70,2024-05,5978.41,0.0,paid
70,2024-06,5978.41,5978.41,Paid
70,2024-07,5978.41,5978.41,paid
70,2024-08,5978.41,5978.41,Late
70,2024-09,5978.41,5978.41,Paid
70,2024-10,5978.41,5978.41,paid
70,2024-11,5978.41,5978.41,Paid
70,2024-12,5978.41,5978.41,Paid
71,2021-07,5320.91,5320.91,PAID
71,2021-08,5320.91,0.0,paid
71,2021-09,5320.91,5320.91,Paid
71,2021-10,5320.91,5320.91,Paid
71,2021-11,5320.91,5320.91,paid
71,2021-12,5320.91,5518.92,Paid
71,2022-01,5320.91,5128.32,Paid
71,2022-02,5320.91,5484.6,Paid
71,2022-03,5320.91,5320.91,paid
71,2022-04,5320.91,5320.91,Paid
71,2022-05,5320.91,5320.91,Paid
71,2022-06,5320.91,5320.91,Paid
71,2022-07,5320.91,4796.22,Late
71,2022-08,5320.91,5320.91,Paid
71,2022-09,5320.91,5320.91,Paid
71,2022-10,5320.91,5426.61,Paid
71,2022-11,5320.91,5320.91,Paid
71,2022-12,5320.91,5320.91,Paid
71,2023-01,5320.91,4907.67,Paid
71,2023-02,5320.91,4889.46,Paid
71,2023-03,5320.91,5320.91,MISSED
71,2023-04,5320.91,5320.91,Late
71,2023-05,5320.91,0.0,paid
71,2023-06,5320.91,5320.91,paid
71,2023-07,5320.91,5320.91,Paid
71,2023-08,5320.91,5800.17,paid
71,2023-09,5320.91,5320.91,PAID
71,2023-10,5320.91,5320.91,PAID
71,2023-11,5320.91,5398.95,Paid
71,2023-12,5320.91,5320.91,paid
71,2024-01,5320.91,5320.91,Paid
71,2024-02,5320.91,0.0,Paid
71,2024-03,5320.91,5320.91,Paid
71,2024-04,5320.91,0.0,Paid
71,2024-05,5320.91,5320.91,Paid
71,2024-06,5320.91,5320.91,Paid
71,2024-07,5320.91,5320.91,Paid
72,2020-01,4509.16,4509.16,Paid
72,2020-02,4509.16,4509.16,Paid
72,2020-03,4509.16,4509.16,paid
72,2020-04,4509.16,4509.16,PAID
72,2020-05,4509.16,4509.16,Paid
72,2020-06,4509.16,4509.16,PAID
72,2020-07,4509.16,4509.16,paid
72,2020-08,4509.16,4509.16,PAID
72,2020-09,4509.16,4509.16,paid
72,2020-10,4509.16,0.0,paid
72,2020-11,4509.16,4509.16,Paid
72,2020-12,4509.16,4509.16,Paid
72,2021-01,4509.16,4509.16,Paid
72,2021-02,4509.16,4509.16,Paid
72,2021-03,4509.16,4509.16,Paid
72,2021-04,4509.16,4509.16,paid
72,2021-05,4509.16,4509.16,PAID
72,2021-06,4509.16,4581.45,Paid
72,2021-07,4509.16,4509.16,PAID
72,2021-08,4509.16,4509.16,Paid
72,2021-09,4509.16,4509.16,Paid
72,2021-10,4509.16,4509.16,Paid
72,2021-11,4509.16,4509.16,LATE
72,2021-12,4509.16,4509.16,Paid
72,2022-01,4509.16,4509.16,Paid
72,2022-02,4509.16,0.0,Paid
72,2022-03,4509.16,4509.16,PAID
72,2022-04,4509.16,4509.16,paid
72,2022-05,4509.16,4509.16,LATE
72,2022-06,4509.16,4509.16,paid
72,2022-07,4509.16,4509.16,Paid
72,2022-08,4509.16,4434.39,paid
72,2022-09,4509.16,4509.16,missed
72,2022-10,4509.16,4509.16,Paid
72,2022-11,4509.16,4509.16,Paid
72,2022-12,4509.16,4509.16,Paid
72,2023-01,4509.16,4822.16,paid
72,2023-02,4509.16,4509.16,PAID
72,2023-03,4509.16,4509.16,paid
72,2023-04,4509.16,4509.16,Paid
72,2023-05,4509.16,4509.16,Paid
72,2023-06,4509.16,4509.16,Paid
72,2023-07,4509.16,4509.16,Paid
72,2023-08,4509.16,0.0,Late
72,2023-09,4509.16,4509.16,Paid
72,2023-10,4509.16,4509.16,PAID
72,2023-11,4509.16,4509.16,PAID
72,2023-12,4509.16,0.0,Paid
72,2024-01,4509.16,4386.66,Paid
72,2024-02,4509.16,4509.16,MISSED
72,2024-03,4509.16,4509.16,Paid
72,2024-04,4509.16,4509.16,Paid
72,2024-05,4509.16,4509.16,paid
72,2024-06,4509.16,4509.16,Paid
72,2024-07,4509.16,4509.16,PAID
72,2024-08,4509.16,4509.16,late
72,2024-09,4509.16,4509.16,PAID
72,2024-10,4509.16,4509.16,paid
72,2024-11,4509.16,4509.16,paid
72,2024-12,4509.16,4569.31,Paid
73,2022-09,4139.91,4139.91,LATE
73,2022-10,4139.91,4139.91,Paid
73,2022-11,4139.91,3883.25,paid
73,2022-12,4139.91,4139.91,PAID
73,2023-01,4139.91,4139.91,Paid
73,2023-02,4139.91,0.0,late
73,2023-03,4139.91,4139.91,paid
73,2023-04,4139.91,4139.91,PAID
73,2023-05,4139.91,4139.91,Paid
73,2023-06,4139.91,4459.94,PAID
73,2023-07,4139.91,4139.91,paid
73,2023-08,4139.91,4139.91,PAID
73,2023-09,4139.91,4139.91,Paid
74,2020-08,5907.06,5907.06,Paid
74,2020-09,5907.06,6210.22,paid
74,2020-10,5907.06,5907.06,PAID
74,2020-11,5907.06,5907.06,paid
74,2020-12,5907.06,5907.06,PAID
74,2021-01,5907.06,5590.21,Paid
74,2021-02,5907.06,5907.06,Paid
74,2021-03,5907.06,5907.06,Paid
74,2021-04,5907.06,5907.06,PAID
74,2021-05,5907.06,5907.06,Missed
74,2021-06,5907.06,5907.06,Paid
74,2021-07,5907.06,5907.06,Late
74,2021-08,5907.06,5907.06,Paid
74,2021-09,5907.06,5907.06,Paid
74,2021-10,5907.06,0.0,late
74,2021-11,5907.06,5907.06,Paid
74,2021-12,5907.06,6148.47,Paid
74,2022-01,5907.06,5907.06,Paid
74,2022-02,5907.06,5907.06,PAID
74,2022-03,5907.06,5907.06,paid
74,2022-04,5907.06,5907.06,Paid
74,2022-05,5907.06,5907.06,Paid
74,2022-06,5907.06,5907.06,Paid
74,2022-07,5907.06,5907.06,paid
74,2022-08,5907.06,5907.06,Paid
74,2022-09,5907.06,5907.06,Paid
74,2022-10,5907.06,5907.06,PAID
74,2022-11,5907.06,5907.06,Paid
74,2022-12,5907.06,5907.06,Paid
74,2023-01,5907.06,5907.06,PAID
74,2023-01,5907.06,6244.83,Paid
74,2023-03,5907.06,5907.06,PAID
74,2023-04,5907.06,5907.06,Paid
74,2023-05,5907.06,5907.06,paid
74,2023-05,5907.06,5907.06,Paid
74,2023-06,5907.06,5907.06,Paid
74,2023-07,5907.06,0.0,paid
75,2023-11,2643.6,2643.6,Paid
75,2023-12,2643.6,2643.6,paid
75,2024-01,2643.6,2643.6,PAID
75,2024-02,2643.6,2643.6,Paid
75,2024-03,2643.6,2643.6,Paid
75,2024-04,2643.6,2643.6,LATE
75,2024-05,2643.6,2721.77,Paid
75,2024-06,2643.6,2643.6,Paid
75,2024-07,2643.6,0.0,Paid
75,2024-08,2643.6,2643.6,Paid
75,2024-09,2643.6,2643.6,Paid
75,2024-10,2643.6,2643.6,PAID
75,2024-11,2643.6,2643.6,paid
75,2024-12,2643.6,2643.6,PAID
37,2020-03,5684.91,5684.91,Paid
33,2019-11,5516.93,5516.93,PAID
30,2022-07,4867.57,4867.57,paid
22,2023-07,5170.31,5170.31,PAID
34,2023-05,4755.88,4755.88,paid
16,2024-11,3715.5,3715.5,Paid
23,2021-04,4206.96,4206.96,Paid
26,2023-05,2756.92,0.0,PAID
73,2023-09,4139.91,4139.91,Paid
19,2023-08,4945.1,4945.1,Paid
42,2024-09,4723.16,4723.16,PAID
16,2021-10,3715.5,3715.5,Paid
64,2023-10,4252.46,4252.46,Paid
27,2023-09,,,Paid
68,2022-05,3859.5,3859.5,Paid
30,2023-11,4867.57,4867.57,Paid
23,2024-04,4206.96,4012.76,paid
71,2021-11,5320.91,5320.91,paid
25,2023-03,3586.86,3586.86,paid
23,2023-04,4206.96,4206.96,paid
65,2018-08,4703.36,4703.36,Paid
15,2021-06,3009.15,0.0,Late
37,2020-08,5684.91,5684.91,paid
35,2020-08,6358.88,6358.88,PAID
42,2023-10,4723.16,4723.16,Missed
70,2022-12,5978.41,5978.41,paid
8,2023-12,5629.55,0.0,missed
64,2022-10,4252.46,4252.46,Paid
11,2024-01,2961.37,2961.37,PAID
27,2023-11,,,PAID
38,2023-07,2550.61,2550.61,Paid
40,2021-12,3573.58,3247.79,Paid
23,2024-02,4206.96,4206.96,PAID
63,2024-05,3250.33,3250.33,missed
55,2023-11,2959.11,2959.11,Paid
70,2022-06,5978.41,0.0,Paid
52,2024-03,4938.52,4938.52,Paid
15,2023-12,3009.15,3009.15,Paid
28,2024-02,4652.88,4652.88,Paid
10,2024-07,3614.41,3614.41,Missed
10,2022-01,3614.41,0.0,PAID
56,2023-03,5495.83,5495.83,paid
14,2019-08,5153.55,5153.55,Missed
56,2020-09,5495.83,5495.83,paid
12,2023-05,4245.58,4245.58,Paid
9,2023-05,3389.73,3389.73,paid
53,2023-09,,0.0,Paid
15,2020-04,3009.15,3009.15,Paid
45,2023-03,3726.49,0.0,PAID
16,2023-02,3715.5,3715.5,Paid
17,2020-12,4392.74,0.0,Late
10,2019-05,3614.41,3614.41,Paid
47,2023-10,3409.93,3166.25,Paid
59,2023-09,2660.93,0.0,Paid
63,2023-03,3250.33,3250.33,Late
74,2022-08,5907.06,5907.06,Paid
15,2020-11,3009.15,3009.15,Paid
71,2022-01,5320.91,5128.32,Paid
17,2024-03,4392.74,4392.74,paid
26,2021-12,2756.92,2756.92,Paid
54,2024-07,5311.95,5311.95,PAID
25,2023-06,3586.86,3586.86,Missed
7,2021-09,6203.06,6203.06,paid
43,2020-02,5083.61,5083.61,Paid
18,2020-09,5773.69,5773.69,paid
69,2024-04,5961.04,5961.04,Paid
33,2019-10,5516.93,5951.04,paid
32,2021-04,4381.23,0.0,Paid
18,2020-07,5773.69,5773.69,Paid
48,2021-07,5051.48,5051.48,paid
17,2024-09,4392.74,0.0,PAID
2,2018-11,3121.79,3121.79,Paid
57,2022-10,4501.89,4501.89,Paid
47,2019-06,3409.93,3409.93,paid
14,2020-03,5153.55,5153.55,PAID
71,2023-06,5320.91,5320.91,paid
7,2022-05,6203.06,6203.06,paid
56,2020-12,5495.83,5495.83,PAID
40,2022-09,3573.58,3573.58,late
15,2024-12,3009.15,3009.15,Paid
26,2021-05,2756.92,2756.92,PAID
70,2018-03,5978.41,5940.98,Paid
5,2024-05,4682.36,4682.36,PAID
75,2024-07,2643.6,0.0,Paid
72,2021-12,4509.16,4509.16,Paid
63,2023-07,3250.33,3423.75,PAID
54,2020-02,5311.95,5311.95,PAID
37,2021-12,5684.91,5684.91,Paid
15,2022-11,3009.15,3009.15,paid
30,2023-02,4867.57,4867.57,Paid
41,2022-08,3845.59,3845.59,Paid
35,2019-05,6358.88,6358.88,LATE
24,2022-11,5859.45,5859.45,Paid
45,2024-07,3726.49,3726.49,LATE
68,2024-03,3859.5,3859.5,paid
23,2022-03,4206.96,4206.96,Late
14,2020-10,5153.55,5153.55,Paid
8,2022-12,5629.55,5629.55,Paid
19,2021-11,4945.1,5178.72,Paid
7,2020-08,6203.06,6203.06,PAID
24,2023-10,5859.45,5859.45,LATE
54,2020-04,5311.95,5311.95,Paid
60,2022-11,5039.14,5039.14,Paid
56,2021-12,5495.83,5495.83,MISSED
14,2019-04,5153.55,5153.55,Paid
14,2019-01,5153.55,4741.75,Paid
23,2020-05,4206.96,4206.96,paid
